"","prec_num","approx_year_built","cats_allowed","common_charges","community_district_num","coop_condo","date_of_sale","dining_room_type","dogs_allowed","fuel_type","garage_exists","kitchen_type","maintenance_cost","num_bedrooms","num_floors_in_building","num_full_bathrooms","num_total_rooms","parking_charges","pct_tax_deductibl","sale_price","sq_footage","total_taxes","walk_score","listing_price_to_nearest_1000","zipcodes","num_train","num_liq","num_crimes"
"1",103,1950,"no",460.7,29,"co-op",16938,"combo","no","gas","NA","eat in",539,1,2,1,4,63.3,38.5,109500,700,1281.01,73,162215,11422,1,10,7313
"2",103,1950,"no",460.95,29,"co-op",16888,"combo","no","gas","NA","eat in",576,1,2,1,4,71.4,36.04,106000,648.45,1127,82,155320,11422,2,10,7313
"3",103,1950,"no",456.09,29,"co-op",16905,"combo","no","gas","NA","eat in",573,1,2,1,4,68.34,36.25,113000,647.12,1127,72,156205,11422,1,10,7313
"4",105,1950,"yes",411.646666666667,26,"co-op",17148,"combo","yes","gas","NA","efficiency",616,1,2.63,1,3,64.51,36.4433333333333,210000,703.533333333333,1261.28,79,239800,11004,0,8,7225
"5",105,1950,"no",422.04,26,"co-op",17127,"combo","no","gas","NA","eat in",585,1,2,1,3,63.16,34.9633333333333,199900,706.616666666667,1099.33,79,232050,11004,0,8,7225
"6",106,1960,"yes",569.01,27,"co-op",16990,"combo","no","oil","NA","efficiency",593,1,6,1,4,30,49.28,124000,648.94,2188.958,77,165545,11414,0,11,5832
"7",106,1960,"yes",431.42,27,"co-op",16988,"formal","no","gas","NA","efficiency",673,1,6,1,4,70,40,123000,675.87,1580.978,77,174505,11414,0,11,5832
"8",106,1964,"yes",662.61,27,"co-op",16909,"formal","yes","gas","NA","efficiency",732,2,2,1,5,46.4033333333333,49.44,145000,822.47,2628.38,73,190210,11414,0,10,5832
"9",106,1965,"yes",486.51,27,"co-op",16896,"formal","no","oil","NA","efficiency",733,1,6,1,3,70,43.01,96000,665.49,2212.618,73,171787.5,11414,0,10,5832
"10",106,1965,"yes",518,27,"co-op",16912,"other","no","gas","NA","efficiency",745,1,6,1,3,65.2666666666667,43.52,1e+05,629.63,2205.558,77,157660,11414,0,11,5832
"11",106,1960,"yes",361.676666666667,27,"co-op",17088,"combo","yes","oil","NA","efficiency",544,1,2,1,3,14,43.6083333333333,130000,646.605,2087.06,68,191816.666666667,11414,0,7,5832
"12",106,1977,"yes",191,27,"condo",17183,"combo","yes","gas","NA","efficiency",541.55,0,3,1,2,80,34.5133333333333,129700,612.9,1216,73,271546.666666667,11414,0,10,5832
"13",106,1959,"yes",442.67,27,"co-op",17134,"formal","yes","gas","NA","efficiency",713,2,2,1,5,55.07,39.7833333333333,155000,844.8,2240.39,73,223552,11414,0,10,5832
"14",106,1965,"yes",561.35,27,"co-op",16923,"other","no","gas","NA","efficiency",753,1,6,1,3,62.5966666666667,48.75,82000,629.08,2248.048,77,155390,11414,0,10,5832
"15",106,1964,"no",864,27,"condo",16981,"formal","no","oil","NA","efficiency",1277.75,3,6,2,6,30,47.03,355000,1408.27,4958,77,399615,11414,0,11,5832
"16",106,1963,"yes",389.816666666667,27,"co-op",17140,"combo","yes","gas","NA","efficiency",740,1,2,1,3,68.58,33.1433333333333,152500,722.136666666667,1136.79,72,197560,11414,0,10,5832
"17",106,1965,"yes",853.692,27,"co-op",16939,"formal","yes","oil","NA","efficiency",1148,3,2,1,6,50,48.805,231000,1059,3345.72,77,249730,11414,0,10,5832
"18",106,1982,"yes",275,27,"condo",17106,"combo","yes","gas","yes","efficiency",659.915,1,3,2,4,84.8233333333333,38.62,2e+05,845.82,1948,73,346774,11417,0,14,5832
"19",106,1960,"yes",599.93,27,"co-op",17018,"combo","no","gas","NA","efficiency",687,1,5.25,1,3,60.3933333333333,49.71,140000,696.09,2100.168,77,187681.666666667,11414,0,11,5832
"20",106,1960,"yes",424.92,27,"co-op",17011,"combo","no","gas","NA","efficiency",550,1,5.13,1,3,74.52,42.25,66000,636.035,2041.238,76,173844.166666667,11414,0,9,5832
"21",106,1966,"yes",330.206666666667,27,"condo",17028,"combo","yes","gas","NA","efficiency",512,1,6,1,3,89.51,41.36,259000,670.96,2220,76,298350,11414,0,11,5832
"22",106,1960,"yes",386.336666666667,27,"co-op",17142,"combo","yes","oil","NA","efficiency",663,1,2,1,3,66.67,36.4033333333333,95000,664.616666666667,1383.1,69,189656.666666667,11414,0,8,5832
"23",106,1950,"yes",621.85,27,"co-op",16961,"combo","no","gas","NA","combo",634,1,1,1,4,44.2333333333333,50.16,120000,800,2300.11666666667,77,170785,11414,0,10,5832
"24",106,2003,"no",426,27,"condo",17191,"formal","no","gas","NA","efficiency",847.14,2,3,2,5,30,32.7033333333333,465000,1141.81,945,81,468670,11417,0,15,5832
"25",106,1960,"yes",766,27,"co-op",16871,"formal","no","gas","NA","efficiency",850,2,6,2,5,47.97,49.36,255000,1091.71,3325.40285714286,77,252396.666666667,11414,0,11,5832
"26",106,1960,"no",507.81,27,"co-op",17155,"formal","no","gas","NA","efficiency",713,2,2,1,5,52.8133333333333,39.6533333333333,132000,830.543333333333,2088.008,77,218848.666666667,11414,0,8,5832
"27",106,1965,"yes",515,27,"condo",16974,"formal","yes","gas","NA","efficiency",1080.295,2,5.585,2,5,30,40.95,285000,1153.83,3550,76,303840,11414,0,10,5832
"28",106,1960,"yes",654.76,27,"co-op",17002,"formal","no","oil","NA","efficiency",731,2,6,1,4,20,50,130000,788.65,2617.02,77,198840,11414,0,10,5832
"29",106,1965,"yes",663.33,27,"co-op",17088,"combo","no","oil","NA","eat in",708,2,6,1,4,21,49.79,150000,797.1,2951.01,77,225180,11414,0,11,5832
"30",106,1965,"yes",334.366666666667,27,"co-op",17135,"combo","no","gas","NA","efficiency",520,1,6,1,2,83.01,33.0233333333333,89000,632.145,1016.26,76,196096.666666667,11414,0,11,5832
"31",106,1965,"no",557.44,27,"co-op",17018,"combo","no","oil","NA","efficiency",397,0,6.68,1,2,85.3983333333333,49.13,55000,531.74,2131.968,76,155450,11414,0,9,5832
"32",106,1965,"yes",358,27,"condo",17099,"combo","yes","gas","NA","efficiency",696.365,1,6,1,4,30,40.61,174000,797.94,2982,76,289734,11414,0,10,5832
"33",106,1963,"yes",687.73,27,"co-op",17028,"formal","yes","oil","NA","efficiency",763,2,2,1,5,49.3333333333333,49.55,132000,889.09,2737.27,70,215976.666666667,11414,0,8,5832
"34",106,1955,"yes",609.1,27,"co-op",16904,"combo","no","gas","NA","efficiency",581,1,6,1,3,21,49.64,155000,675.52,2304.988,77,159593.666666667,11414,0,11,5832
"35",106,1930,"yes",722.75,27,"co-op",16885,"other","no","oil","NA","efficiency",857,2,3.67,1,5,22,50.2155555555556,154000,868.58,2581.94,77,200118,11414,0,11,5832
"36",107,1965,"yes",430.94,28,"co-op",16966,"combo","yes","oil","yes","efficiency",487,1,12,1,3,121.256666666667,35,142000,664.66,1296.95,88,164976.666666667,11435,2,20,4682
"37",107,1938,"no",400.86,28,"co-op",17164,"other","no","oil","yes","efficiency",710,1,6,1,3,145.14,38.4,245000,728.661428571429,2119.88,93,298200,11375,2,19,4682
"38",107,1989,"no",305,29,"condo",16902,"combo","no","gas","NA","efficiency",636.785,2,3,2,8,157.47,34.87,420000,1000,1400,94,435800,11432,0,18,4682
"39",107,1980,"no",287,26,"condo",16927,"formal","no","gas","NA","eat in",1293.16,3,2,2,6,122.41,38.47,590000,1410.69333333333,2961,75,621600,11364,0,4,4682
"40",107,1963,"no",704.06,28,"co-op",16860,"formal","no","gas","NA","efficiency",1459,2,1,2,5,215,48.36,289550,1163.72,3270.38,91,332166.666666667,11415,1,20,4682
"41",107,1928,"no",658,26,"co-op",17060,"combo","no","oil","NA","eat in",880,2,4.52,1,5,80.35,48.8,395000,985.04,3062.89,65,388610,11363,2,5,4682
"42",107,1990,"no",198,28,"condo",16982,"formal","no","gas","NA","eat in",750.86,3,3,1,6,169.97,31.64,160000,1000,1024,90,327180,11433,1,20,4682
"43",107,1950,"no",479.95,28,"co-op",16925,"other","no","gas","NA","eat in",499,1,4.85,1,3,90.59,41.72,185000,632.17,1815.51,85,169411.111111111,11435,2,20,4682
"44",107,1955,"no",681.14,28,"co-op",17142,"combo","no","oil","NA","combo",796,1,6,1,4,127.705,49.78,175000,780,2367.18,92,236123.333333333,11415,2,20,4682
"45",107,1954,"no",489.49,28,"co-op",16965,"combo","no","gas","NA","eat in",779,2,3.99,1,6,73.55,25,130000,961.01,1099.18,79,196490,11423,1,12,4682
"46",107,1938,"yes",671.51,28,"co-op",17001,"formal","yes","oil","NA","efficiency",789,2,6,1,4,162.28,50.05,257000,897.865714285714,2774.37,91,276260,11415,1,20,4682
"47",107,1987,"yes",243,28,"condo",17043,"combo","yes","gas","NA","eat in",760.543333333333,2,2,2,4,225,39.46,470000,1096,2600,92,515340,11415,1,20,4682
"48",107,1958,"no",708.02,28,"co-op",17043,"combo","no","oil","NA","efficiency",814,1,9,1,3,123.265,49.495,129000,744.773333333333,2070.25,97,193132.5,11432,1,20,4682
"49",107,2010,"yes",462,27,"condo",16948,"other","yes","gas","yes","combo",889.95,2,8,2,4,136.61,34.56,630000,1172,22,89,641360,11415,1,20,4682
"50",107,1950,"no",452.91,28,"co-op",17205,"combo","no","gas","NA","eat in",725,2,6,1,4,125,35.9533333333333,216000,855.42,1213.72,83,252681.111111111,11435,1,20,4682
"51",107,1958,"yes",633.78,28,"co-op",16968,"combo","yes","oil","NA","efficiency",727,1,7,1,3,89.21,50.01,160000,800,2139.03666666667,85,171863.333333333,11435,1,20,4682
"52",107,1950,"yes",756.24,26,"co-op",16897,"formal","no","gas","NA","efficiency",601,3,2,1,6,67.72,49.835,270000,920.08,2933.535,75,285110,11364,0,5,4682
"53",107,1950,"no",465.3,28,"co-op",17119,"combo","no","gas","yes","combo",503,1,6,1,3,125,34.46,142000,750,987.26,83,197346.666666667,11435,1,20,4682
"54",107,1955,"yes",780.16,28,"co-op",16982,"other","no","oil","yes","combo",806,2,6,1,5,130,50,276000,1016.93,2766.18,90,284720,11435,2,20,4682
"55",107,1951.825,"yes",417.78,26,"co-op",17176,"combo","yes","gas","NA","eat in",746,2,2,1,4,67.56,38.1073333333333,258000,822.05,2067.52,70,286010,11364,0,5,4682
"56",107,1938,"no",508,28,"condo",17023,"combo","no","oil","NA","efficiency",658.91,1,8.36,1,2,205.78,40.69,420000,778,3316,95,466940,11375,2,20,4682
"57",107,1950,"no",436.836666666667,26,"co-op",17184,"combo","no","gas","NA","efficiency",713,1,3,1,4,95.83,34.0533333333333,195500,758.736666666667,1007.06,88,231877.333333333,11364,1,7,4682
"58",107,1955,"no",688.098,26,"co-op",17045,"combo","no","gas","yes","eat in",601,2,2,1,4,69.03,49.8375,222000,783.865,2736.95,68,256873.333333333,11364,0,5,4682
"59",107,1974,"no",405.25,28,"co-op",17098,"combo","no","gas","NA","efficiency",601,0,20,1,2,145.241333333333,40.71,125000,618.173333333333,2231.34,93,200026.666666667,11415,2,20,4682
"60",107,1963,"no",562.28,28,"co-op",16974,"combo","no","oil","yes","efficiency",612,0,27,1,2,215,48.175,120000,581.52,2371.05666666667,91,174399.166666667,11415,1,20,4682
"61",107,1949,"yes",416.118,26,"co-op",17091,"combo","yes","oil","NA","eat in",637,2,2,1,4,66.87,40.74,225000,776.123333333333,2374.35,65,259470,11364,0,5,4682
"62",107,1983,"yes",187,26,"condo",16968,"formal","yes","gas","NA","eat in",480.208333333333,1,1,1,3,131.93,40.37,408000,702.46,2138,75,399727.5,11364,0,4,4682
"63",107,1950,"yes",633.12,26,"co-op",16976,"formal","no","gas","NA","eat in",463,2,2,1,4,9,60,212000,760.67,2617.10666666667,76,222415,11364,0,4,4682
"64",107,1974,"no",832.18,28,"co-op",17164,"formal","no","oil","NA","efficiency",1141,2,21,1,5,115,50,388000,950,3895.3,93,408925,11415,2,20,4682
"65",107,1960,"yes",374.93,27,"co-op",17142,"formal","no","oil","NA","eat in",520,1,5.05,1,4,68.41,36.1833333333333,150000,674.39,1308.22,78,201088,11421,0,19,4682
"66",107,1950,"no",617.18,26,"co-op",16924,"combo","no","gas","NA","efficiency",575,1,6,1,4,55.23,50,165000,699.81,2248.95,77,175782,11364,0,5,4682
"67",107,1929,"no",712.78,28,"co-op",17060,"combo","no","oil","NA","eat in",902,1,6,1,4,138.345,50,174000,843.143333333333,2540.51,92,231040,11415,1,20,4682
"68",107,1938,"yes",754.49,28,"co-op",16849,"combo","yes","oil","NA","eat in",932,2,6,1,4,132.83,49.78,250000,1000,3081.735,90,274650,11415,1,20,4682
"69",107,1953,"no",615.54,29,"co-op",17094,"combo","no","gas","NA","efficiency",661,1,6,1,3,85,50,134000,575,1779.69,83,177976.666666667,11432,0,20,4682
"70",107,1956,"no",676.86,28,"co-op",16861,"combo","no","oil","NA","eat in",791,1,7,1,3,127.391666666667,50,175000,805.87,2422.78,92,204093.333333333,11415,1,20,4682
"71",107,1950,"no",691.4,26,"co-op",16980,"combo","no","gas","NA","eat in",632,2,2,1,5,44.838,50.42,220000,826.09,2696.87666666667,70,227330,11364,0,5,4682
"72",107,2016,"yes",293,28,"condo",17130,"combo","yes","gas","NA","combo",433.46,2,5,1,4,203.42,32.35,471800,787,13,93,539736.666666667,11415,1,20,4682
"73",107,1963,"no",728.26,28,"co-op",17171,"combo","no","gas","yes","combo",1093,1,26,1,4,147.203333333333,50.02,179000,867.07,3110.13666666667,91,282710,11415,1,20,4682
"74",107,1952,"no",512.21,28,"co-op",16892,"combo","no","oil","NA","efficiency",724,1,6,1,3,100,40,131000,750,1512.13,97,157550,11435,2,20,4682
"75",107,1955,"no",554.79,29,"co-op",16982,"other","no","gas","NA","eat in",558,1,7,1,3,63.92,47.04,108000,800,1939.32,69,169943.333333333,11423,1,13,4682
"76",107,1956,"no",392.98,28,"co-op",17156,"combo","no","gas","yes","eat in",595,1,6,1,3,145,20,205000,835.28,1069.71333333333,91,273550,11375,1,20,4682
"77",107,1936,"yes",695.4,28,"co-op",16903,"other","yes","gas","NA","eat in",869,1,6,1,3,90.055,49,235000,1000,2825.85,84,244850,11415,2,20,4682
"78",107,1954,"no",588.9,29,"co-op",17172,"formal","no","gas","yes","combo",678,1,6,1,6,85,45,135000,792.43,1859.21,83,210876.666666667,11432,0,20,4682
"79",107,1950,"yes",388.89,26,"co-op",17051,"combo","no","gas","NA","efficiency",376,1,2,1,3,100,41.52,120000,598.84,2033.76,74,190366.666666667,11364,0,3,4682
"80",107,1963,"no",587.16,29,"co-op",16982,"combo","no","gas","NA","eat in",661,1,7,1,4,116.744166666667,47.805,120000,850,1965.83,93,181100,11432,1,19,4682
"81",107,1950,"no",429,26,"co-op",17175,"formal","no","gas","yes","eat in",878.458,2,6,1,5,86,35.3433333333333,3e+05,954.42,307,42,309878,11364,0,5,4682
"82",107,1965,"yes",656.37,24,"co-op",16874,"combo","yes","gas","NA","eat in",685,1,20,1,3,70,45,175000,750,2943.93071428571,73,212570,11385,0,13,4682
"83",107,1936,"yes",777.06,28,"co-op",16983,"formal","yes","gas","NA","efficiency",941,2,6,1,4,106.69,49,315000,1050,3105.245,84,287700,11415,2,20,4682
"84",107,1953,"no",454.75,29,"co-op",17200,"combo","no","oil","yes","eat in",599,1,7,1,3,40,35.6633333333333,92000,750,1224.055,82,198080,11423,1,12,4682
"85",107,1950,"yes",738.87,26,"co-op",17140,"combo","no","gas","NA","combo",830,2,3,1,4,85.38,50.06,226000,858.175,2814.75,88,270220,11364,1,6,4682
"86",107,1955,"yes",783.01,28,"co-op",16947,"combo","yes","oil","NA","eat in",1077,2,7,2,5,90,50.31,262000,1129.77,2971.335,82,253016.666666667,11435,2,20,4682
"87",107,1950,"no",754.04,26,"co-op",17009,"combo","no","gas","NA","efficiency",815,2,2,1,5,61.17,51.25,239000,901.843333333333,2941.29,79,253190,11364,0,6,4682
"88",107,1961,"no",683.74,28,"co-op",17163,"combo","no","gas","yes","efficiency",880,1,15,1,4,132.805,48.835,103000,720.823333333333,2654.46333333333,99,212829.166666667,11432,1,20,4682
"89",107,1940,"yes",501.17,28,"co-op",16919,"combo","no","oil","NA","efficiency",322,1,6.73,1,3,149.87,44.14,143000,585.538333333333,2168.9,90,165175,11415,2,20,4682
"90",107,1961,"no",595.66,28,"co-op",16947,"combo","no","oil","NA","efficiency",543,0,15,1,2,120.71,49.635,78000,545.535,2571.62666666667,99,137656.666666667,11432,1,20,4682
"91",107,1950,"yes",640.31,26,"co-op",16940,"combo","yes","gas","NA","eat in",601,2,2,1,4,58.495,48,218340,750.57,2686.66666666667,75,215755,11364,0,5,4682
"92",107,1961,"no",909.40375,26,"co-op",16868,"combo","no","other","NA","efficiency",1103,2,14,1,5,73.1533333333333,48.07,365000,1076.17,3904.36071428571,64,335150,11361,2,7,4682
"93",107,1960,"no",815.2,24,"co-op",16996,"combo","no","gas","NA","eat in",783,3,6,1,6,51.255,49.175,272000,1066.68,3122.745,73,280200,11421,0,16,4682
"94",107,1950,"no",665.36,26,"co-op",17080,"combo","no","gas","NA","efficiency",676,1,3.48,1,3,85.49,52,155000,702.7,2302.71,88,207570,11361,1,6,4682
"95",107,1954,"no",614.03,28,"co-op",17052,"combo","no","oil","NA","eat in",706,2,7,1,4,70.38,46.785,136000,760.42,1664.42,69,202010,11427,1,13,4682
"96",107,1970,"yes",442.195,24,"co-op",17056,"formal","no","oil","NA","eat in",711,2,5.43,1,5,69.3,41.77,180000,862.42,2375.51,78,264851.111111111,11421,0,19,4682
"97",107,1950,"no",430.95,26,"co-op",17162,"combo","no","oil","NA","eat in",646,2,2,1,4,66.25,39.4633333333333,230000,801.36,2125.24,70,261883.333333333,11364,0,4,4682
"98",107,1969,"no",564.716666666667,28,"co-op",16898,"combo","no","gas","NA","combo",575,1,6,1,4,127.944666666667,50,145000,673.85,2168.15666666667,90,175980,11415,2,20,4682
"99",107,1950,"no",728.46,26,"co-op",17066,"combo","no","gas","NA","efficiency",985,2,3,1,5,66.2,50.43,262000,943.945,3011.22,85,283610,11361,1,6,4682
"100",107,1928,"no",687.12,28,"co-op",16953,"combo","no","oil","NA","eat in",775,1,6,1,3,140.906666666667,49.75,220000,1000,2725.7,90,237770,11415,1,20,4682
"101",107,1954,"yes",715.82,27,"co-op",16994,"combo","yes","gas","yes","eat in",706,1,6,1,4,85,50,125000,735.39,2170.01,83,174935,11432,0,20,4682
"102",107,1962,"no",360.09,26,"co-op",17171,"combo","no","gas","NA","eat in",536.43,0,8.08,1,3,135.05,37.52,180000,630,1758.69666666667,93,235880,11361,2,7,4682
"103",107,1955,"no",621.18,26,"co-op",17046,"combo","no","gas","NA","eat in",666,1,5.83,1,3,125,49.295,117000,770,1957.96,85,207523.333333333,11423,1,16,4682
"104",107,1958,"no",549.74,29,"co-op",16911,"other","no","gas","NA","eat in",760,1,8,1,3,80,43.615,110000,686.59,1645.01,89,150290,11432,0,20,4682
"105",107,1960,"no",605.04,28,"co-op",16861,"combo","no","oil","NA","efficiency",655,1,12,1,3,146.171666666667,49.26,140000,700.355,2498.45,90,171892.5,11415,1,20,4682
"106",107,1962,"no",462.61,26,"co-op",17157,"combo","no","gas","NA","eat in",949,1,16,1,4,62,40,3e+05,750,2489.53,64,317470,11361,2,7,4682
"107",107,1920,"no",457.406666666667,27,"co-op",17199,"combo","no","gas","NA","combo",800,2,4.08,1,4,115.26,35.86,275000,1000,1303.92,87,281890,11415,1,20,4682
"108",107,1955,"yes",622.45,26,"co-op",17042,"combo","no","gas","NA","combo",546,1,2,1,3,68.3733333333333,50,155500,670.705,2192.87,63,212100,11364,0,4,4682
"109",107,1960,"no",645,28,"co-op",17008,"combo","no","gas","NA","combo",739.785,1,27,1,3,167.228333333333,48.63,185000,770.9,2640.14,91,230405.833333333,11415,1,20,4682
"110",107,1960,"yes",829,26,"co-op",17169,"combo","yes","gas","NA","eat in",1056.48,2,2,1,5,55,51.87,265000,1040.95,3240.425,70,301265,11364,0,4,4682
"111",107,1950,"no",494.25,29,"co-op",16850,"combo","no","gas","NA","efficiency",660,1,3.6,1,3,66.45,38.77,145000,662.56,1698.68,72,155770,11423,1,12,4682
"112",107,1958,"no",483.69,29,"co-op",17200,"other","no","oil","yes","efficiency",755,1,8,1,4,106,38.6233333333333,131000,700,1759.52,89,191436.666666667,11432,0,20,4682
"113",107,1970,"no",601.35,29,"co-op",17011,"combo","no","gas","NA","efficiency",773,1,8.75,1,3,120,48.56,185000,730.866666666667,2074.35666666667,95,203275.833333333,11432,0,19,4682
"114",107,1936,"yes",885.892,28,"co-op",17141,"formal","yes","gas","NA","eat in",1154,2,6,2,6,99.05,48.24,415000,1300,3201.47,84,467505,11415,2,20,4682
"115",107,1961,"no",499.263333333333,26,"co-op",17074,"formal","no","gas","NA","combo",1361,2,14,2,5,113.25,41,5e+05,1150,3677.22,64,506050,11361,2,7,4682
"116",107,1954,"yes",647.48,24,"co-op",16919,"other","no","oil","NA","eat in",597,2,6,1,4,54.985,49.51,169000,850,2402.04,78,200745,11421,0,18,4682
"117",107,1973,"no",527.42,28,"co-op",17094,"combo","no","electric","yes","efficiency",570,0,21,1,2,185,50,159000,550,2416.99,92,250139.166666667,11375,2,20,4682
"118",107,1952,"no",580.97,28,"co-op",17043,"combo","no","oil","NA","efficiency",723,1,6,1,4,100,46.82,145000,726.465,1740.13,83,193010,11435,2,20,4682
"119",107,1948,"yes",780.08,28,"co-op",17067,"combo","yes","gas","NA","combo",1312,2,2,1,5,75,49.23,240000,1031.245,2893.88,78,249610,11432,0,20,4682
"120",107,1958,"yes",717.05,28,"co-op",17079,"combo","yes","oil","yes","efficiency",740,1,7,1,3,70,50,158000,750,2104.04,85,195690,11435,1,20,4682
"121",107,1935,"yes",680.86,26,"co-op",17149,"formal","yes","oil","NA","eat in",795,1,6,1,4,84.87,49.3055555555556,180000,800,2323.65,86,215150,11432,0,20,4682
"122",107,1950,"no",512.24,28,"co-op",17134,"combo","no","oil","NA","efficiency",852,1,2,1,3,79.6,36.5633333333333,113000,705.58,1465.5,78,187316.666666667,11435,1,20,4682
"123",107,1950,"yes",652.38,26,"co-op",16933,"combo","yes","gas","NA","eat in",671,2,2,1,4,55.645,49.0375,217761,748.1,2881.74,68,212811.666666667,11364,0,5,4682
"124",107,1950,"no",357.136666666667,27,"co-op",17185,"combo","no","gas","NA","efficiency",448,1,6,1,3,84.91,32.66,130000,640.71,932.27,73,183426.666666667,11421,0,18,4682
"125",107,1948,"no",687.44,28,"co-op",16864,"formal","no","oil","NA","efficiency",963,1,4.48,1,4,75,49.055,105000,786.37,1926.21,86,155050,11435,1,20,4682
"126",107,1950,"yes",447.72,24,"co-op",17066,"formal","yes","oil","yes","combo",591,1,6,1,3,120,40,147000,850,1946.25,91,224480,11415,1,20,4682
"127",107,1950,"no",500.24,16,"co-op",16916,"formal","no","oil","NA","eat in",720,2,6,1,4,59.84,40,120000,718.29,1520.67,76,172210,11423,1,12,4682
"128",107,1956,"yes",509.65,29,"co-op",16863,"combo","no","oil","NA","efficiency",660,1,2,1,4,60.52,39.06,150000,654.05,1599.32,72,166730,11423,1,11,4682
"129",108,2007,"yes",978,30,"condo",17115,"combo","yes","gas","NA","combo",864.38,1,13.2,1,3,223.81,41.87,875000,752,89,90,683180,11101,2,16,4519
"130",108,2015,"yes",406,30,"condo",16874,"combo","yes","gas","NA","eat in",487.28,1,8,1,3,263.21,39.66,570000,784.46,16,96,642460,11101,2,15,4519
"131",108,2015,"yes",461,30,"condo",16903,"combo","yes","gas","NA","eat in",455.09,0,8,1,3,264,40.16,596000,532,51,96,638290,11101,2,15,4519
"132",108,2015,"yes",468,30,"condo",16874,"combo","yes","gas","NA","eat in",475.55,1,8,1,3,261.76,39.88,605000,530,19,96,649990,11101,2,15,4519
"133",109,1955,"no",767,25,"co-op",16847,"combo","no","gas","NA","eat in",995.895,2,6,1,5,45.41,50.15,228000,1011.78,3235.085,82,248405,11355,2,18,8274
"134",109,1955,"no",635.556,25,"co-op",16847,"formal","no","oil","NA","eat in",604,1,7,1,4,100.206666666667,49.19,235500,890,3142.5,89,254510,11354,2,20,8274
"135",109,2004,"no",167,24,"condo",16848,"combo","no","gas","NA","efficiency",535.91,1,1,1,3,165.97,41.69,137550,550,5500,90,321106.666666667,11368,0,20,8274
"136",109,2002,"no",275,25,"condo",16848,"combo","no","gas","NA","eat in",664.07,3,5.06,2,5,130.18,38.62,545000,995.34,2260,94,579136.666666667,11354,3,20,8274
"137",109,1955,"no",464.384,25,"co-op",17112,"formal","no","oil","yes","eat in",701,1,6,1,3,35,40.8,185000,788.72,2483.29,86,237410,11354,2,18,8274
"138",109,1915,"yes",724,30,"co-op",16944,"formal","yes","oil","NA","efficiency",938.96,2,5,1,5,175.68,46.42,498000,1002.17,3325.64,99,500570,11372,1,20,8274
"139",109,1950,"no",510.86,26,"co-op",16945,"combo","no","oil","NA","eat in",728,1,3.22,1,3,60.21,41.35,89000,640.63,1923.77666666667,82,151040,11367,0,10,8274
"140",109,1960,"no",433.21,28,"co-op",16850,"combo","no","gas","NA","efficiency",514,0,2,1,2,128.26,42.78,109000,375,2238.70333333333,93,148810,11375,2,20,8274
"141",109,1960,"no",681.12,25,"co-op",16853,"combo","no","oil","NA","eat in",781,1,6.65,1,4,20,49.07,212000,865.49,2900.51,70,228691.666666667,11360,0,5,8274
"142",109,1964,"yes",881.67,28,"co-op",17023,"formal","no","gas","NA","combo",1729,3,17.51,2,5,149.99,47.74,686000,1541.56,4397.75,97,742480,11375,1,20,8274
"143",109,1982,"no",821,25,"condo",16854,"formal","no","gas","yes","eat in",1709.10333333333,2,22,2,5,100.090714285714,45.6,675000,1628.28,5400,82,828050,11360,0,3,8274
"144",109,1982,"no",546,25,"condo",16856,"combo","no","oil","yes","eat in",793.91,1,21,1,4,110.022647058824,44.73,468000,881.9525,3500,82,513220,11360,0,3,8274
"145",109,1950,"no",366.126666666667,24,"co-op",17115,"combo","no","oil","NA","efficiency",382,0,6,1,2,146.71,40.97,185000,550,2156.3725,97,226590,11373,0,20,8274
"146",109,1960,"yes",730.95,25,"co-op",16857,"combo","no","oil","NA","combo",986,3,2,1,5,20,49.105,280000,950,3215.28,79,286215,11357,0,6,8274
"147",109,1985,"no",238,25,"condo",16857,"formal","yes","gas","yes","eat in",959.95,3,3,2,6,118.22,39.94,533000,1100,3333,85,557336.666666667,11365,0,14,8274
"148",109,1960,"no",730.3,25,"co-op",16857,"combo","no","oil","NA","combo",1000,2,6,2,5,81.4655555555556,48.21,370000,1300,3533.72285714286,88,342936.666666667,11355,3,20,8274
"149",109,1962,"no",781.503333333333,8,"co-op",16857,"formal","no","other","NA","combo",1116.76,2,10.74,2,5,119.535555555556,48.53,392000,1236.95,3499.69285714286,88,381746.666666667,11374,1,20,8274
"150",109,1955,"yes",614.95,28,"co-op",16857,"combo","yes","oil","NA","efficiency",587,1,6,1,3,138.031666666667,49.42,2e+05,706.96,2463.8,90,208285,11375,1,20,8274
"151",109,1964,"no",687.99,28,"co-op",17120,"combo","no","gas","NA","eat in",848,2,6,1,4,120,49.41,338888,935.96,3061.89,89,359620,11375,1,20,8274
"152",109,1964,"no",677.05,26,"co-op",17030,"other","no","gas","yes","efficiency",864,1,33,1,3,149.63,48.54,330000,827.57,3195.31833333333,99,368160,11375,2,20,8274
"153",109,1960,"no",396.94,25,"co-op",17191,"combo","no","oil","NA","efficiency",639,1,3,1,4,119.65,34.99,164900,730,1143.92,90,224920,11367,1,20,8274
"154",109,1950,"no",725.91,25,"co-op",17031,"combo","no","gas","yes","eat in",870,2,3,1,4,120,49.82,230000,902.685,2828.92,90,273800,11367,1,20,8274
"155",109,2008,"no",510,24,"condo",16863,"combo","no","gas","NA","efficiency",753.48,3,9,2,7,111.56,32.94,5e+05,991,373,87,509610,11373,0,20,8274
"156",109,1989,"yes",480,24,"condo",16954,"combo","yes","gas","NA","eat in",548.23,2,4,1,4,141.49,40.93,459000,807,8178,96,551173.333333333,11373,0,20,8274
"157",109,1958,"no",810.68,24,"co-op",16864,"other","no","oil","NA","eat in",830,3,6,1,5,111.476666666667,48.745,270000,1150,3408.92,96,324940,11372,0,20,8274
"158",109,1940,"no",985.395,28,"co-op",16958,"formal","no","oil","NA","combo",1498,3,3,2,5,128.64,50,850000,2000,4616.16,76,703980,11375,1,20,8274
"159",109,1947,"no",507.88,30,"co-op",16958,"other","no","oil","NA","efficiency",1098,2,6,1,4,120.13,40,335000,1000,2367.945,96,295140,11372,0,20,8274
"160",109,1954,"yes",599.74,25,"co-op",16867,"formal","no","gas","NA","efficiency",733,2,2,1,5,20,48.49,350000,940.68,2939.175,70,299030,11360,0,1,8274
"161",109,2007,"no",300,25,"condo",16959,"combo","no","gas","NA","eat in",475.845,2,4,1,5,129.19,36.01,405000,850,396,80,425240,11365,0,15,8274
"162",109,1952,"no",707.26,28,"co-op",16868,"combo","no","oil","NA","efficiency",786,2,6,1,4,132.296666666667,49.86,290000,913.710714285714,3017.105,94,327000,11375,1,20,8274
"163",109,1928,"yes",603.03,30,"co-op",16868,"other","yes","gas","NA","eat in",664.006666666667,1,6.69,1,3,147.386666666667,48.9,285000,850,2881.435,98,319340,11372,0,20,8274
"164",109,1970,"yes",560.55,25,"co-op",17043,"combo","yes","oil","yes","efficiency",811,0,17,1,2,135,48,240000,758.715,2965.05571428571,71,275860,11360,0,1,8274
"165",109,1955,"yes",457.416666666667,25,"co-op",16961,"other","no","oil","NA","efficiency",750,1,2,1,3,59.5,35.12,128000,648.876666666667,750,78,166630,11357,0,7,8274
"166",109,1972,"no",626,25,"condo",16961,"combo","no","gas","yes","eat in",890.245,1,22,1,4,99,46.86,475000,874,4000,82,534160,11360,0,3,8274
"167",109,1952,"no",583.89,25,"co-op",16874,"formal","no","gas","NA","efficiency",500,1,3.73,1,3,55.1183333333333,48.835,138000,619.64,2240.808,80,156666.666666667,11357,1,20,8274
"168",109,2014,"no",275,30,"condo",16965,"combo","no","gas","NA","eat in",659.7025,2,6.4,2,5,199.78,31.64,655000,980,70,99,659880,11372,0,20,8274
"169",109,1970,"yes",70,25,"co-op",17203,"combo","no","oil","yes","efficiency",1027,1,17,1,4,135,38.7808333333333,425000,867.66,2505.115,67,455900,11360,0,1,8274
"170",109,1949,"yes",711.12,25,"co-op",17045,"combo","yes","oil","NA","eat in",956,2,2,1,5,48.59,49.17,273000,950,3081.18,78,299800,11357,0,6,8274
"171",109,1960,"no",802.73,25,"co-op",16882,"formal","no","gas","NA","eat in",845,2,6,1,6,20,49.12,222500,950,2998.59,70,249050,11360,0,4,8274
"172",109,1969,"no",354.084,25,"co-op",16882,"formal","no","oil","yes","eat in",1827,2,17,2,5,135,40,6e+05,1304.42,3700.32266666667,76,648095,11360,0,1,8274
"173",109,1960,"no",766.01,25,"co-op",16883,"combo","no","gas","NA","eat in",1201,2,6,1,5,26,49.45,260000,1070.02,3579.275,80,273750,11360,0,5,8274
"174",109,1952,"yes",632.92,30,"co-op",16883,"other","yes","gas","NA","efficiency",543,1,9,1,3,95,48.96,220000,733.32,2669.12,98,228752.5,11372,0,20,8274
"175",109,1950,"no",440.436666666667,25,"co-op",17136,"combo","no","gas","NA","efficiency",721,1,2,1,4,74.43,34.4633333333333,151000,723.156666666667,1117.27,83,204320,11358,2,11,8274
"176",109,1950,"no",504.69,25,"co-op",16969,"combo","no","electric","NA","eat in",735,1,2,1,3,65.96,41.1,169000,678.25,1890.04,67,180005,11367,0,13,8274
"177",109,1955,"yes",698.46,28,"co-op",16885,"other","yes","gas","NA","efficiency",739,2,6,1,5,146.29,49.22,327000,984,3305.32,93,312450,11374,1,20,8274
"178",109,1985,"yes",500,25,"condo",17053,"other","yes","gas","NA","eat in",660.74,1,8.28,1,4,122.91,39.3966666666667,469000,750,2800,53,516145,11360,0,3,8274
"179",109,1961,"no",852.86,24,"co-op",16888,"combo","no","oil","NA","efficiency",813,2,6,2,6,99.4766666666667,48.88,260000,1200,3257.87,88,292456.666666667,11368,0,20,8274
"180",109,2008,"no",322.736666666667,25,"condo",16973,"combo","no","gas","NA","eat in",614.41,2,4.25,2,5,166.36,33.89,599000,1025.905,184,92,648800,11355,2,20,8274
"181",109,1986,"no",381,25,"condo",16974,"formal","no","gas","NA","eat in",624.1,1,2,1,4,109.41,39.7466666666667,475000,750,3370,59,495387.5,11360,0,3,8274
"182",109,1941,"no",769.83,28,"co-op",16890,"formal","no","gas","NA","combo",910,2,6,1,4,152.99,48.97,340000,1000,3251.455,93,332270,11375,1,20,8274
"183",109,1955,"no",737.88,25,"co-op",16891,"combo","no","gas","NA","eat in",814,2,6,1,4,51.7,49.75,233000,924.415714285714,3035.21,85,243975,11354,1,17,8274
"184",109,1968,"no",533.636666666667,24,"co-op",16892,"formal","no","gas","NA","efficiency",392,1,6.96,1,4,128.576666666667,46.01,127500,639.7,2252.93466666667,88,181537.5,11374,0,20,8274
"185",109,1985,"no",210,25,"condo",16892,"combo","no","gas","NA","combo",518.443333333333,1,9,1,3,187.97,41.76,440000,689,2776,93,471816.666666667,11355,2,20,8274
"186",109,1985,"no",426.73,25,"condo",16892,"combo","no","gas","NA","efficiency",495,2,10,1,5,118.948888888889,39.55,610000,954.405,5920,94,643590,11354,3,20,8274
"187",109,1953,"no",585.626666666667,25,"co-op",17059,"formal","no","oil","NA","combo",765,2,5.47,1,4,103.88,48.19,360000,963.983333333333,3055.55666666667,96,379635,11355,3,19,8274
"188",109,2007,"no",411,25,"condo",16976,"formal","no","gas","NA","eat in",705.13,2,5,2,6,112.93,33.14,495000,1000,200,82,531220,11365,0,14,8274
"189",109,1955,"no",887.27,28,"co-op",16976,"formal","no","gas","NA","efficiency",1117,2,9,1,5,148.96,49.32,505000,1117.28,3476.32,98,479995,11375,2,20,8274
"190",109,1950,"no",615.55,26,"co-op",16979,"combo","no","oil","NA","efficiency",614,1,2,1,3,53.3925,50.18,125000,649.07,2212.36666666667,82,161810,11361,3,12,8274
"191",109,1965,"no",1030.04,28,"co-op",16979,"formal","no","gas","NA","efficiency",1880,3,29,3,6,159.508888888889,47.74,755000,1640.53875,4468.74,92,753480,11375,1,20,8274
"192",109,1949,"no",697.08,28,"co-op",16897,"combo","no","oil","NA","eat in",750,1,6,1,3,125,50,235000,784.87,2655.36,90,235803.333333333,11375,1,20,8274
"193",109,1960,"yes",781.53,28,"co-op",16897,"combo","yes","gas","NA","efficiency",1124,3,12,1,5,170,48.125,436000,1077.02,3257.125,90,449985,11374,1,20,8274
"194",109,1952,"no",971.23,11,"co-op",17065,"formal","no","oil","yes","eat in",1414,3,14,2,7,138.175,48.45,5e+05,1434.82,4014.515,90,557883.333333333,11374,1,20,8274
"195",109,1963,"no",373.02,28,"co-op",17148,"combo","no","oil","NA","efficiency",401,0,7.25,1,3,132.62,40.88,162500,560.34,2037,88,199480,11374,1,20,8274
"196",109,1960,"no",527.42,29,"co-op",16902,"combo","no","gas","NA","eat in",660,1,6.34,1,3,61.68,43.33,130000,750,1943.54,77,162270,11423,1,13,8274
"197",109,1947,"yes",646.78,28,"co-op",16981,"combo","yes","gas","NA","eat in",667,1,6,1,4,131.386666666667,49.8,220000,800,2614.47,94,239423.333333333,11374,1,20,8274
"198",109,1964,"no",583.5,28,"co-op",16902,"formal","no","oil","NA","eat in",860,1,23,1,3,163.876666666667,45,275000,825,3030.915,97,304240,11375,1,20,8274
"199",109,1954,"yes",468,26,"condo",16982,"formal","yes","oil","NA","eat in",1052.56,2,2,2,5,103.325,39.16,540000,1216,3048,82,525686.666666667,11365,0,8,8274
"200",109,1970,"yes",672.525,25,"co-op",16903,"formal","yes","gas","NA","efficiency",2172,3,9.045,2,7,80,40,4e+05,1800,3474.65666666667,76,482891.666666667,11360,0,1,8274
"201",109,2007,"yes",421,25,"condo",16982,"combo","no","gas","NA","efficiency",537.62,2,4,2,6,127.17,34.36,475000,900,240,82,518200,11365,0,14,8274
"202",109,1963,"no",603.89,28,"co-op",16982,"formal","no","none","yes","eat in",435,1,6,1,2,130,49.545,160000,580.893333333333,2112.22666666667,88,176460,11374,1,20,8274
"203",109,1963,"no",285,25,"condo",17151,"combo","no","gas","NA","combo",563.285,0,6,1,2,115.466666666667,38.2,288888,657.031666666667,2617,85,331226.666666667,11367,0,14,8274
"204",109,1950,"yes",614.77,26,"co-op",16904,"combo","no","oil","NA","efficiency",656,1,2,1,4,57.6125,50.01,145000,586,2259.45,82,164110,11361,2,11,8274
"205",109,1989,"yes",466.31,25,"condo",17155,"formal","yes","gas","NA","eat in",1485.67833333333,3,3,2,6,101.202647058824,38.3266666666667,6e+05,1632.05285714286,4549,48,741780,11356,0,5,8274
"206",109,1970,"yes",194.755,25,"co-op",17071,"combo","no","oil","yes","efficiency",1147,1,17,1,4,135,41.2,4e+05,898.09,2943.73,76,406490,11360,0,1,8274
"207",109,1950,"yes",490.03,25,"co-op",16987,"combo","no","oil","yes","eat in",928,2,2,1,5,20,40,238888,800,2234.725,89,237123,11357,0,4,8274
"208",109,1965,"no",604.744,28,"co-op",16933,"formal","no","oil","yes","eat in",2757,3,33,2,6,150,32,950000,1718.14,3288.13666666667,99,754370,11375,2,20,8274
"209",109,1955,"no",497.8,28,"co-op",16988,"combo","no","oil","NA","combo",509,0,6,1,2,132.622,43.37,119000,525.105,2039.26,93,160170,11375,2,20,8274
"210",109,1951,"yes",627.73,25,"co-op",16910,"combo","yes","oil","NA","efficiency",638,1,2,1,3,80.69,50.12,180000,669.61,2196.81,87,195690,11367,0,14,8274
"211",109,1950,"yes",461.33,25,"co-op",16911,"formal","yes","oil","NA","efficiency",746,1,2,1,3,60.02,41.18,164000,664.3,2018.09,63,181355,11367,1,13,8274
"212",109,1955,"yes",755.73,28,"co-op",16993,"combo","yes","oil","NA","efficiency",913,2,6,1,4,132.52,49.76,380000,990.185714285714,3245.86,92,352960,11375,1,20,8274
"213",109,1955,"yes",699.68,28,"co-op",17074,"other","yes","oil","yes","eat in",673,1,6,1,3,120,50,260000,764.526666666667,2876.76,92,297983.333333333,11375,1,20,8274
"214",109,1960,"no",418.28,28,"co-op",17156,"combo","no","oil","NA","eat in",679,0,7,1,3,139.058,37.93,175000,500,1809.19,94,215410,11375,1,20,8274
"215",109,1950,"yes",607.616666666667,25,"co-op",16912,"formal","no","oil","NA","efficiency",913,2,2,2,4,39.5833333333333,48.84,217500,1004.33,3066.65785714286,81,244749.666666667,11357,0,6,8274
"216",109,1991,"no",293,24,"condo",16912,"combo","no","gas","NA","efficiency",457.475,1,4,1,3,177.76,39.85,235000,602.043928571429,1830,97,308286.666666667,11368,0,20,8274
"217",109,1970,"no",254.044,25,"co-op",16913,"combo","no","gas","NA","efficiency",1342,2,17,2,5,135,40.56,492500,1218.325,3189.795,76,485640,11360,0,1,8274
"218",109,2009,"no",317,25,"condo",16915,"combo","no","gas","NA","eat in",666.64,2,4,2,6,172.49,33.15,550000,1029,93,97,588636.666666667,11355,3,20,8274
"219",109,1991,"yes",294,24,"condo",16996,"combo","yes","gas","NA","combo",462.605,1,4,1,3,163.69,39.25,247000,602.326428571429,1830,97,340336.666666667,11368,0,20,8274
"220",109,1969,"no",595,25,"co-op",16916,"other","no","gas","NA","eat in",700.205,1,7.83,1,3,114.076666666667,49.44,210000,750,2920.90666666667,97,256380,11354,3,20,8274
"221",109,1952,"no",772.09,28,"co-op",16917,"combo","no","oil","yes","eat in",815,1,7,1,3,100,49.41,197500,825.93,2647.83,94,220793.333333333,11375,1,20,8274
"222",109,1959,"no",614.84,24,"co-op",16917,"formal","no","oil","NA","eat in",596,1,6,1,3,126.441666666667,49.71,220000,772.79,2715.61,96,243120,11373,0,20,8274
"223",109,1964,"yes",728.46,28,"co-op",16917,"combo","no","gas","NA","combo",860.8,1,14.91,1,3,165.856666666667,49.04,283500,831.08,3435.195,97,304060,11375,1,20,8274
"224",109,1955,"no",738.1,28,"co-op",17162,"other","no","oil","yes","eat in",777,2,6,1,4,119.67,50,369000,962.31,3244.88,94,392625,11375,1,20,8274
"225",109,1992,"yes",261,24,"condo",17001,"combo","yes","gas","yes","efficiency",490.803333333333,2,3,1,4,150,37.94,332000,782.42,1660,93,382320,11368,1,20,8274
"226",109,2015,"no",240,24,"condo",17001,"combo","no","gas","NA","eat in",637.97,2,5.51,2,6,210.28,33.61,648000,977,36,95,657550,11374,1,20,8274
"227",109,1951,"no",737.42,30,"co-op",16919,"combo","no","oil","NA","eat in",849,2,6.395,1,4,98.6166666666667,50.18,170000,897.035714285714,2728.59,94,260750,11369,0,20,8274
"228",109,1982,"yes",645,25,"condo",17003,"formal","no","oil","NA","efficiency",1096.46333333333,2,21,1,5,103.04931372549,45.95,550000,1085.94,4317,82,624663.333333333,11360,0,3,8274
"229",109,1973,"yes",498,25,"condo",16923,"combo","yes","electric","yes","efficiency",623.04,2,13,1,4,162.203333333333,40.65,383000,778,2433,90,386213.333333333,11367,0,19,8274
"230",109,1985,"no",564,25,"condo",17004,"combo","no","gas","NA","eat in",155,3,7.41666666666667,2,7,126.602,45.27,680000,1498.44,5415,58,737810,11360,0,3,8274
"231",109,1952,"yes",390,26,"condo",17091,"combo","yes","oil","yes","eat in",809.56,2,2,1,5,96.42,39.94,428500,960.3,3084,82,462505,11365,0,7,8274
"232",109,1935,"yes",674.43,30,"co-op",16925,"combo","yes","oil","NA","eat in",804,1,7.365,1,3,160.92,49.15,409000,870.386666666667,2991.025,98,399900,11372,0,20,8274
"233",109,1950,"no",584.98,28,"co-op",16926,"combo","no","oil","NA","eat in",475,0,6,1,2,110,50,145000,500,2226.69,94,154350,11375,2,20,8274
"234",109,1950,"no",615.228,25,"co-op",17008,"formal","no","oil","NA","efficiency",560,1,3,1,3,89.97,50.765,205000,702.25,2368.43,86,222420,11367,0,13,8274
"235",109,1982,"no",811,25,"condo",16927,"combo","no","oil","yes","eat in",1375.05,2,22,2,5,96.0750280112045,45.63,620000,1273.215,4775,82,764613.333333333,11360,0,3,8274
"236",109,2009,"no",269,25,"condo",16927,"combo","no","gas","NA","eat in",459.22,1,4,2,5,221.35,35.83,415000,862,79,97,471000,11355,3,20,8274
"237",109,1970,"no",261.773333333333,26,"co-op",17009,"combo","no","gas","NA","efficiency",1250,1,17,1,3,135,41.23,344000,857.503333333333,3021.5,67,345756.666666667,11360,0,1,8274
"238",109,1954,"no",871.79,28,"co-op",17098,"formal","no","gas","NA","eat in",996,2,15,1,4,172,48.54,449000,1118.93,3388.065,99,529295,11375,1,20,8274
"239",109,1965,"yes",821.323333333333,28,"co-op",16930,"formal","yes","gas","yes","combo",1253,1,30,1,4,115,48.06,397000,1050.08,3736.71,92,388430,11375,1,20,8274
"240",109,1950,"no",447.12,28,"co-op",16931,"other","no","gas","NA","efficiency",495,1,4.21,1,3,95,38.28,195000,634.47,1191.29333333333,68,186041.111111111,11375,1,20,8274
"241",109,1938,"no",623.4,28,"co-op",17010,"other","no","gas","yes","combo",435,0,6,1,2,163.147,48.3355555555556,135500,522.193333333333,2012.68,93,188206.666666667,11375,2,20,8274
"242",109,1952,"yes",630.36,30,"co-op",16931,"other","yes","gas","NA","efficiency",559,1,9,1,3,102.726666666667,49.24,210000,720.001428571429,2645.85,98,227512.5,11372,0,20,8274
"243",109,1945,"yes",600.34,25,"co-op",16932,"combo","yes","gas","NA","combo",657.43,1,2.48,1,3,55.1825,49.98,153000,650.175,2331.54666666667,73,179752,11367,1,16,8274
"244",109,1955,"yes",618.1,25,"co-op",16932,"combo","no","gas","NA","eat in",640,1,3.96,1,3,42.415,49.94,170000,691.22,2446.74666666667,82,185910,11354,0,16,8274
"245",109,1942,"no",749.83,25,"co-op",16932,"combo","no","oil","yes","eat in",829,2,3,1,4,100,50.03,243000,953.475714285714,3124.19,90,264520,11367,1,20,8274
"246",109,1952,"yes",589.308,25,"co-op",17014,"formal","no","gas","NA","efficiency",536,1,6,1,3,84.5,49.49,179000,600,2331.638,86,222581.111111111,11354,2,18,8274
"247",109,1990,"no",356,25,"condo",16933,"combo","no","gas","NA","combo",557.26,1,14,1,5,150.09,41.32,439000,650,3630,97,496116.666666667,11354,3,20,8274
"248",109,1940,"no",717.08,28,"co-op",17128,"combo","no","oil","NA","efficiency",854,3,6.12,1,5,166.09,50,268000,975,2938.165,90,340746.5,11367,1,20,8274
"249",109,1955,"yes",849.85,28,"co-op",17200,"formal","yes","oil","yes","efficiency",1137,2,6,2,6,120,49.77,408000,1200,3447.63,94,468050,11374,1,20,8274
"250",109,1950,"yes",478.93,25,"co-op",16937,"combo","no","oil","NA","eat in",735,1,2,1,3,43.7333333333333,41,132000,700,2102.59666666667,79,163950,11360,0,3,8274
"251",109,1950,"yes",640.18,25,"co-op",17017,"combo","no","oil","NA","efficiency",805,1,2,1,3,45.0433333333333,49.71,167000,743.705,2174.91,78,204500,11357,0,6,8274
"252",109,1950,"no",715,19,"co-op",17106,"other","no","gas","NA","combo",860.0035,2,6,1,4,118.38,49.53,295000,1000,3276.3,98,361230,11372,0,20,8274
"253",109,1964,"yes",733.15,28,"co-op",16938,"combo","no","gas","NA","combo",874,1,17.315,1,3,156.026666666667,49.25,285000,840.22,3442.33166666667,97,301210,11375,1,20,8274
"254",109,2014,"no",340,25,"condo",17108,"combo","no","gas","NA","eat in",340,2,7,2,5,182.43,38.42,6e+05,870,9300,96,691110,11355,2,19,8274
"255",109,2008,"no",212,25,"condo",17108,"combo","no","electric","NA","efficiency",431.733333333333,1,5,1,4,232.92,35.65,455000,712.1,111,98,515586.666666667,11354,2,20,8274
"256",109,1955,"yes",731.52,25,"co-op",17022,"formal","no","gas","NA","efficiency",824,2,3.94,1,5,54.39,49.94,238000,950,3053.05,85,274760,11354,2,19,8274
"257",109,1953,"no",730.93,30,"co-op",17112,"combo","no","oil","yes","eat in",877,2,6,1,4,77.0966666666667,50.015,106000,844.19,2496.865,77,240730,11368,1,20,8274
"258",109,1952,"yes",618.63,25,"co-op",16969,"combo","yes","oil","NA","efficiency",676,1,2,1,3,58.25,49.82,170000,677.335,2210.43666666667,83,185140,11358,2,11,8274
"259",109,1983,"no",667,25,"condo",17023,"combo","no","gas","NA","eat in",839.02,1,9.36,1,7,94.8326470588235,45.98,640000,1031.26,3144,82,642911.666666667,11360,0,3,8274
"260",109,1950,"yes",655.598,25,"co-op",17023,"formal","yes","oil","NA","efficiency",670,1,3.44,1,4,100,50.68,198800,757.65,2530.73,88,226596.666666667,11367,0,11,8274
"261",109,1957,"no",691.49,25,"co-op",17112,"combo","no","oil","NA","eat in",869,1,6,1,3,101.22,49.27,248000,850,3084.32,96,303945,11355,2,20,8274
"262",109,1960,"no",866.66,28,"co-op",16946,"formal","no","gas","NA","eat in",1338,3,7,2,6,120,49.12,560000,1300,3910.84,92,507345,11375,1,20,8274
"263",109,2006,"yes",148,25,"condo",17113,"combo","yes","gas","NA","efficiency",427.248333333333,1,3,1,3,196.83,34.07,295500,450,11,92,388266.666666667,11355,3,20,8274
"264",109,1950,"yes",807.33,28,"co-op",16947,"other","yes","gas","NA","efficiency",1371,2,2,1,5,75,49.99,215000,1000,3304.89833333333,88,234950,11367,0,18,8274
"265",109,1940,"no",597.51,28,"co-op",16947,"combo","no","gas","NA","eat in",564,1,6,1,3,149.19,50,170000,600,2262.84,94,196170,11374,1,20,8274
"266",109,1988,"yes",490,28,"condo",17185,"combo","yes","gas","yes","combo",650.88,1,16,1,3,50,38.1,485000,791.46,2224,96,507325,11374,0,20,8274
"267",109,1985,"yes",564,25,"condo",16948,"combo","yes","gas","NA","combo",1037.205,2,8.475,2,5,101.122647058824,43.95,630000,1300,4000,59,676940,11360,0,1,8274
"268",109,2015,"no",312,25,"condo",16948,"combo","no","gas","NA","combo",902.015,2,7,2,6,132.35,32.73,489000,6215,14,83,587231,11355,3,20,8274
"269",109,1965,"no",680.398333333333,25,"co-op",17116,"formal","no","gas","NA","eat in",2100,3,12.025,2,8,110.93,40,435000,1391.53,3182.69666666667,76,516680,11360,0,1,8274
"270",109,1952,"yes",803.37,28,"co-op",16948,"combo","yes","oil","yes","combo",857,2,7,1,4,143.24,50,359888,1000,3365.92,96,344700,11375,2,20,8274
"271",109,1989,"yes",417,25,"condo",16952,"formal","yes","gas","yes","eat in",1506.84166666667,3,3,3,7,101.772647058824,39.8666666666667,670000,2050,4800,48,746085,11356,0,5,8274
"272",109,1987,"yes",373,25,"condo",17063,"combo","yes","gas","NA","combo",599.25,1,8.05,1,3,128.393333333333,40.55,328000,719.74,4613,97,432288.333333333,11355,3,20,8274
"273",109,1952,"yes",593.72,28,"co-op",17120,"formal","yes","oil","yes","eat in",817,1,6,1,3,125,45,220000,750,2592.13,92,265990,11375,1,20,8274
"274",109,2002,"no",352.71,25,"condo",16979,"combo","no","gas","NA","efficiency",617.49,2,7.29,2,5,128.348888888889,40,560000,938.36,3626.116,96,599910,11355,2,19,8274
"275",109,1985,"no",590,25,"condo",17122,"combo","no","gas","yes","eat in",1205.305,3,3,2,7,105.392647058824,44.37,580000,1633,3329,64,685306.666666667,11356,0,11,8274
"276",109,1955,"yes",664.108,25,"co-op",17035,"combo","yes","oil","NA","efficiency",658,1,4.85,1,3,104.04,50.11,175000,720.8,2579.85,89,221160,11367,0,13,8274
"277",109,1950,"no",1134.91,28,"co-op",17036,"formal","no","oil","yes","eat in",1493,3,6,2,8,71,47.83,690000,1595.08,4667.45,94,717700,11375,1,20,8274
"278",109,2009,"no",311,25,"condo",16955,"combo","no","gas","NA","eat in",654.87,2,4,2,6,174.29,33.15,565000,1044,91,97,588346.666666667,11355,3,20,8274
"279",109,1952,"no",416.83,11,"co-op",17037,"combo","no","gas","NA","efficiency",540,1,6,1,4,45,40,130000,670,1560.928,94,202696.666666667,11369,0,20,8274
"280",109,1952,"yes",762.74,28,"co-op",17037,"combo","yes","gas","NA","eat in",825,2,15,1,4,150,50.42,315000,926.175,3362.395,96,367945,11374,0,20,8274
"281",109,1956,"no",467.89,25,"co-op",16959,"other","no","gas","NA","eat in",1081,1,6,1,3,100,40,352500,1300,2698.245,35,336430,11357,0,4,8274
"282",109,1958,"yes",440.53,25,"co-op",17042,"combo","no","oil","NA","eat in",837,1,6.92333333333333,1,3,60,39,246000,819.015,1884.72,52,264400,11357,0,4,8274
"283",109,1956.61,"no",769.38,25,"co-op",16959,"combo","no","gas","NA","eat in",895.441,2,7.83,1,4,108.456666666667,49.75,235000,992.215714285714,3346.395,97,277380,11354,2,20,8274
"284",109,1960,"no",902.57,25,"co-op",16961,"formal","no","gas","NA","eat in",1296,2,6,2,6,20,48,370000,1250,3770.64,75,338461.666666667,11360,0,1,8274
"285",109,1952,"yes",391,26,"condo",17070,"combo","yes","oil","NA","eat in",705.95,2,2,1,4,114.05,40.11,499888,801,3524,85,510130,11365,0,9,8274
"286",109,1965,"yes",805.96,28,"co-op",17127,"combo","yes","gas","yes","efficiency",1108,2,30,1,4,115,49.11,435000,1000,3750.82,92,481535,11375,1,20,8274
"287",109,1928,"yes",595.02,30,"co-op",17127,"other","no","gas","NA","eat in",872,2,6,1,4,169.98,47.28,432000,900,2712.79166666667,97,511990,11372,0,20,8274
"288",109,1990,"yes",192,24,"condo",17071,"combo","yes","gas","NA","combo",423.278333333333,1,3,1,3,188.95,39.24,365000,610,1748,93,380240,11373,0,20,8274
"289",109,1982,"no",756,25,"condo",17016,"combo","no","oil","yes","eat in",1191.66,2,21,2,5,95,46.73,635000,1050,3800,82,676296.666666667,11360,0,3,8274
"290",109,1950,"no",656.05,28,"co-op",17155,"formal","no","gas","yes","eat in",678,1,6,1,3,150,50,290000,780.666666666667,2738.02,89,314230,11375,1,20,8274
"291",109,1964,"yes",314.35,28,"co-op",17204,"combo","yes","gas","yes","efficiency",1370,2,14,1,4,118.08,39.1608333333333,360000,1012.7,2593.66333333333,55,377725,11375,1,20,8274
"292",109,1959,"no",767.08,25,"co-op",16967,"combo","no","oil","NA","eat in",1210,2,6,1,5,31,50.52,190000,1100,3402.88,75,245570,11360,0,3,8274
"293",109,2010,"no",312,25,"condo",17134,"combo","no","gas","NA","combo",536.64,2,7,2,4,200,32.46,580000,889,227,91,704520,11355,3,20,8274
"294",109,1955,"yes",675.91,28,"co-op",17046,"combo","yes","oil","yes","efficiency",592,1,15,1,3,150,50,232500,750,2818.23,96,284722.5,11374,0,20,8274
"295",109,1958,"no",868.85,25,"co-op",17050,"formal","no","gas","NA","eat in",830,3,2,1,6,20,48.195,347000,1128.47666666667,3196.235,72,358340,11360,0,1,8274
"296",109,2006,"no",376.445,25,"condo",17210,"combo","no","electric","NA","combo",733.4,2,7.22,2,4,150.59,31.12,635000,1116.035,70,99,754770,11355,3,20,8274
"297",109,1957,"yes",669.79,28,"co-op",17051,"combo","yes","oil","NA","combo",661,1,17,1,3,152.16,50,235000,745.128095238095,2835.28,92,274582.5,11374,0,20,8274
"298",109,1950,"no",450.49,28,"co-op",17157,"combo","no","oil","NA","eat in",713,1,7,1,3,125.153333333333,38.65,219000,756.31,1930.13,92,260484.444444444,11375,1,20,8274
"299",109,1997,"no",195,25,"condo",17136,"combo","no","gas","NA","eat in",422.003333333333,1,6,1,3,217.21,32.8,403800,649.22,254,97,464866.666666667,11354,2,20,8274
"300",109,1952,"yes",657.78,26,"co-op",16973,"combo","no","gas","yes","efficiency",671,1,3.34,1,3,55.3933333333333,50.46,162000,686.34,2334.86,65,178768.666666667,11365,0,8,8274
"301",109,1960,"yes",736.42,26,"co-op",16997,"formal","no","gas","NA","eat in",1444,2,6,2,5,26,47.67,319000,1200,3655.71285714286,80,331000,11360,0,5,8274
"302",109,1956,"no",1093,25,"co-op",17056,"combo","no","gas","NA","eat in",1208.83,2,9.81,1,6,121.587142857143,48.8,430000,1500,3801.01,94,499776.666666667,11355,2,20,8274
"303",109,1964,"no",469.85,28,"co-op",17057,"formal","no","oil","yes","efficiency",1117,2,1,2,5,158.593888888889,39.5,525000,1300,2964.695,98,553880,11375,2,20,8274
"304",109,1955,"no",716.73,3,"co-op",17140,"other","no","oil","NA","eat in",477,2,6.77,1,6,90,49.48,290000,950,3135.59,96,327990,11372,0,20,8274
"305",109,1940,"no",508.7675,28,"co-op",16975,"formal","no","oil","NA","efficiency",1306,3,6.25,2,5,157.36,36,490000,1287.02,1664.03,93,516850,11375,2,20,8274
"306",109,1958,"no",630.55,30,"co-op",16975,"other","no","oil","NA","efficiency",606,2,6,1,4,145.956666666667,49.59,285000,1000,3041.12,98,312470,11372,0,20,8274
"307",109,1968,"no",422.81,24,"co-op",17059,"combo","no","gas","NA","efficiency",649,1,7,1,3,130.48,41.79,116000,800,2337.34,90,246520,11368,0,20,8274
"308",109,1952,"yes",1092.23,28,"co-op",17025,"formal","yes","gas","yes","eat in",1464,3,6,2,6,73,48.8,585000,1379,4266.095,94,581920,11375,1,20,8274
"309",109,2004,"yes",289,25,"condo",17088,"formal","no","gas","NA","eat in",538.14,1,4.93,2,4,170.26,35.94,470000,800,1300,96,545660,11355,2,18,8274
"310",109,1960,"no",473.83,25,"co-op",17060,"combo","no","gas","NA","eat in",711,1,6,1,3,80.97,41.2,245000,850,2736.91,88,275705,11355,2,18,8274
"311",109,1965,"yes",778.98,28,"co-op",17142,"formal","yes","oil","yes","efficiency",1131,1,1,1,4,115,50,430000,969.8225,3185.44,92,457165,11375,1,20,8274
"312",109,1948,"yes",444.96,28,"co-op",17164,"combo","yes","oil","NA","combo",520,0,6.31,1,2,143.992,36.86,175000,566.34,1889.16,99,224560,11375,2,20,8274
"313",109,1952,"yes",622.79,11,"co-op",16979,"combo","no","gas","NA","efficiency",638.84,1,6,1,4,95.7621666666667,49.535,127000,675,2121.53133333333,94,174000,11372,0,20,8274
"314",109,1930,"no",565.74,28,"co-op",17007,"other","no","oil","NA","eat in",559,1,6,1,3,161.6,47.6,255000,735.71,2536.26,94,298943.333333333,11374,0,20,8274
"315",109,1963,"no",708.07,26,"co-op",17148,"other","no","oil","NA","eat in",820,2,6.485,1,4,72.41,50,250000,850,3153.79,85,304460,11361,2,9,8274
"316",109,1961,"no",312,25,"condo",17169,"combo","no","gas","NA","combo",1251,1,7,1,5,155.55,34.66,420000,1009.59,1521,98,498055,11355,2,20,8274
"317",109,1948,"no",376.92,25,"co-op",17066,"combo","no","oil","NA","efficiency",567,1,3,1,3,110.67,40,158000,550,1602.05,88,214420,11367,0,17,8274
"318",109,1955,"yes",751.85,28,"co-op",17148,"other","no","oil","yes","efficiency",995,2,7,1,4,138.2,50,410000,1000,3328.45,94,446560,11375,1,20,8274
"319",109,1920,"yes",603.29,28,"co-op",16981,"combo","yes","oil","NA","efficiency",592,1,4,1,1,145.324666666667,50,125000,618.32,2024.30666666667,99,183106.666666667,11375,1,20,8274
"320",109,1965,"yes",630.25,28,"co-op",17066,"combo","no","gas","NA","efficiency",708,1,11.02,1,3,147.64,49.27,222000,744.394761904762,2831.28,97,280129.166666667,11375,1,20,8274
"321",109,2016,"no",173,25,"condo",17150,"combo","no","gas","NA","eat in",424.378333333333,1,5.52,1,3,157.676666666667,33.67,250000,541,120,86,390756.666666667,11355,0,15,8274
"322",109,2006,"no",250,24,"condo",17150,"combo","no","gas","NA","eat in",468.553333333333,2,5.05,2,4,205.1,33.2,438000,801.4,248,95,513020,11373,0,20,8274
"323",109,1952,"no",618.454,25,"co-op",17067,"combo","no","gas","NA","eat in",770,3,3.72,1,5,54.17,48.685,265000,907.908333333333,2872.51,85,302390,11354,2,19,8274
"324",109,1957.2,"no",377.57,25,"co-op",17172,"combo","no","gas","NA","eat in",540,1,6,1,3,89.65,38.5433333333333,240000,692.395,2417.68,86,266325,11358,3,13,8274
"325",109,1982,"yes",1017,25,"condo",17100,"combo","no","gas","NA","eat in",1690.94,2,22,3,7,103.375714285714,45.21,790000,1419,5807,82,807360,11360,0,3,8274
"326",109,1953.63,"no",414.08,28,"co-op",17100,"combo","no","gas","NA","efficiency",626,1,6,1,3,126.95,41.02,228000,750,2143.13333333333,91,268454,11375,1,20,8274
"327",109,1960,"no",401.26,25,"co-op",17101,"combo","no","gas","NA","eat in",480,0,6,1,2,136.672,41.94,151500,552.62,2217.81916666667,97,234160,11354,3,20,8274
"328",109,1988,"no",626,25,"condo",17102,"combo","no","gas","NA","combo",883.53,2,12,1,5,86.32,46.3,555000,1021.24666666667,6224,97,646115,11354,3,20,8274
"329",109,1937,"no",680.21,25,"co-op",16997,"formal","no","gas","NA","combo",773,1,2,1,4,80.94,50.0055555555556,157000,788.683333333333,2427.99,87,200990,11367,1,19,8274
"330",109,1965,"no",888.25,28,"co-op",17105,"formal","no","gas","yes","efficiency",1154,2,9,1,5,133.85,50,518000,1100,3590.275,98,537875,11375,2,20,8274
"331",109,1941,"yes",435.136666666667,30,"co-op",17072,"formal","yes","oil","NA","eat in",594,1,6,1,3,123.74,41.3,305000,762.85,2353.8,98,342420,11372,0,20,8274
"332",109,1956,"no",644.79,28,"co-op",16990,"combo","no","gas","NA","efficiency",622,1,8.728,1,3,165.266666666667,49.53,275000,800,2997.65,97,297080,11375,2,20,8274
"333",109,1950,"yes",446.24,25,"co-op",17074,"formal","yes","oil","NA","efficiency",788,1,2,1,3,62.19,38.79,167500,727.97,1702.49,67,203830,11367,0,11,8274
"334",109,1982,"no",727,25,"condo",17178,"formal","no","gas","NA","eat in",1609.72,2,21,2,5,109.259954751131,46.39,725000,1498.81666666667,4012,69,759610,11360,0,3,8274
"335",109,1960,"no",789.43,25,"co-op",17178,"formal","no","gas","NA","eat in",1325,2,7.4825,2,5,26,47.62,305000,1200,3419.09285714286,69,352215,11360,0,5,8274
"336",109,1950,"yes",490.246666666667,25,"co-op",16995,"formal","no","oil","NA","efficiency",913,2,2,1,4,41.36,40,219000,841.63,2180.42,81,232763,11357,0,6,8274
"337",109,1950,"yes",896.122,25,"co-op",16996,"formal","yes","gas","NA","efficiency",1299,3,2,1,6,61.59,50,286000,1135.29,3701.77,63,312960,11367,1,15,8274
"338",109,2016,"yes",624.713333333333,25,"condo",17179,"combo","yes","gas","NA","efficiency",796.516666666667,1,13,1,2,141.963333333333,46.38,701888,765,4474,92,693410,11354,2,17,8274
"339",109,1950,"no",451.67,30,"co-op",17080,"combo","no","oil","yes","efficiency",706,2,6,1,5,45,40.56,263000,998,2514.37,93,310330,11370,0,20,8274
"340",109,1950,"yes",448.976666666667,25,"co-op",17081,"dining area","no","oil","NA","efficiency",780,1,2,1,3,54.81,38.74,190000,763.98,1521,81,228030,11357,0,6,8274
"341",109,2007,"no",289,25,"condo",17112,"combo","no","gas","NA","eat in",824.9,2,6.4,2,6,143.72,32.58,612500,1189.9525,13,93,752331.333333333,11354,2,20,8274
"342",109,2009,"no",390,24,"condo",17064,"combo","no","gas","NA","combo",516.23,2,7,2,4,175.62,34.48,520000,837.93,744,98,576340,11373,0,20,8274
"343",109,1965,"yes",798.57,28,"co-op",17162,"formal","yes","gas","yes","combo",1448,2,30,2,4,140,47.46,625000,1287.9,4022.58,92,661693.333333333,11375,1,20,8274
"344",109,1944,"yes",576.42,28,"co-op",17000,"combo","yes","gas","NA","efficiency",519,0,6,1,1,153.63,50,150000,500,2018.7,98,185056.666666667,11375,2,20,8274
"345",109,1968,"no",533,25,"condo",17114,"formal","no","gas","NA","eat in",1111.86,2,6,2,5,80,39.78,639000,1100,3409,95,636990,11354,2,20,8274
"346",109,1951,"yes",698.89,25,"co-op",17088,"combo","no","oil","NA","efficiency",949,2,2,1,5,42.5233333333333,50.78,210000,921.43,2959.33,78,257420,11357,0,5,8274
"347",109,1950,"no",653.04,30,"co-op",17163,"formal","no","gas","NA","eat in",783,2,6.3,1,4,123.25,48.94,324000,960.66,2730.875,95,363190,11372,0,20,8274
"348",109,1942,"yes",368,24,"condo",17141,"formal","yes","gas","NA","combo",756.725,1,6.43,1,4,154.06,37.56,520000,970,2700,98,558346.666666667,11372,1,20,8274
"349",109,1965,"no",741.91,28,"co-op",17115,"formal","no","gas","NA","efficiency",981,1,27,1,4,144.49,50,310000,889.31,3485.29833333333,99,384589,11375,1,20,8274
"350",109,1969,"no",254.97,25,"co-op",17189,"combo","no","gas","yes","efficiency",736,1,17,1,3,135,37.4533333333333,245000,700,1595.36,76,290686.666666667,11360,0,1,8274
"351",109,1948,"yes",443.23,28,"co-op",17164,"other","yes","gas","NA","combo",520,1,5.34,1,2,140.742,33.76,175000,645.456666666667,1232.345,99,227043.333333333,11375,2,20,8274
"352",109,2007,"no",259,25,"condo",17029,"formal","no","electric","NA","combo",798.985,2,5.52,2,7,162.54,33.09,565000,1075,200,98,625270,11354,2,20,8274
"353",109,1973,"no",105,25,"condo",17007,"combo","no","electric","NA","combo",498,2,6.9,1,4,218.25,40.78,452000,778,2287,90,489950,11367,0,19,8274
"354",109,1955,"no",400.06,28,"co-op",17191,"combo","no","gas","NA","efficiency",418,1,6,1,2,129.71,31.89,159500,614.43,862.953333333333,89,216136.666666667,11375,1,20,8274
"355",109,1958,"no",411.06,30,"co-op",17175,"formal","no","gas","yes","efficiency",685,2,6,1,4,118.21,38,255000,950,1512.33333333333,93,317235,11369,0,20,8274
"356",109,1992,"yes",345,24,"condo",17191,"formal","yes","gas","yes","eat in",565.29,1,6,1,4,100,38.35,375000,735,2800,91,399627.5,11368,1,20,8274
"357",109,1952,"yes",788.45,28,"co-op",17008,"other","yes","oil","NA","efficiency",906,2,7,1,4,130,49.45,415000,980.135714285714,3449.59,96,416520,11375,2,20,8274
"358",109,2010,"yes",309,28,"condo",17095,"combo","yes","gas","NA","efficiency",551.19,2,7,2,4,186.49,33.37,585000,763,163,94,658530,11374,1,20,8274
"359",109,1950,"no",701.26,24,"co-op",17037,"formal","no","gas","yes","eat in",801,2,6,1,4,85,49.28,355000,1100,3081.81,87,364185,11355,3,20,8274
"360",109,1973,"yes",670,25,"condo",17009,"combo","yes","electric","yes","efficiency",832.906666666667,2,13,1,4,134.26,46.85,480000,870,3490,90,530110,11367,0,19,8274
"361",109,1950,"yes",434.186666666667,25,"co-op",17099,"dining area","no","oil","NA","efficiency",756,1,2,1,3,62.28,38.24,165500,720.856666666667,1489.73,80,209850,11357,0,6,8274
"362",109,1940,"yes",733.66,25,"co-op",17099,"combo","yes","gas","NA","combo",905,2,2,1,4,90.36,49.94,225000,869.25,2794.73,87,269030,11367,1,18,8274
"363",109,1956,"no",434.91,25,"co-op",17197,"combo","no","oil","NA","eat in",627,1,5.97,1,3,117.15,39.65,230000,729.1,2364.43,92,266631.666666667,11367,0,14,8274
"364",109,1955,"yes",813.02,28,"co-op",17198,"combo","yes","gas","yes","efficiency",850,2,6,1,4,72,50,350000,900,3158.99,94,373265,11375,1,20,8274
"365",109,1950,"yes",446.576666666667,25,"co-op",17127,"combo","no","oil","NA","efficiency",786,1,2,1,3,56.38,36.5833333333333,155000,734.515,1339.33,78,199550,11357,0,6,8274
"366",109,1987,"no",687,24,"condo",17151,"combo","no","other","yes","efficiency",893.35,2,15,1,5,119.46,47.16,380000,906,4920,91,470705,11374,0,20,8274
"367",109,1982,"yes",496.135,25,"condo",17175,"formal","no","gas","NA","combo",650,1,21,1,4,99,38.73,617000,950,4000,82,688810,11360,0,3,8274
"368",109,1953,"no",854,30,"co-op",17053,"other","no","gas","yes","efficiency",815.83,2,6,1,4,100,48.845,115000,700,2291.58333333333,77,227326.666666667,11368,1,20,8274
"369",109,1954.7,"no",780.88,24,"co-op",17086,"other","no","gas","NA","eat in",763,2,6.5825,1,6,108.79,49.44,325000,1003.16,3267.51,97,364330,11373,0,20,8274
"370",109,1964,"yes",881.67,28,"co-op",17023,"formal","no","gas","NA","combo",1729,3,17.51,2,5,149.99,47.74,686000,1541.56,4397.75,97,742480,11375,1,20,8274
"371",109,1960,"yes",760.08,25,"co-op",17177,"formal","no","gas","NA","eat in",1008,2,6,1,5,20,49.15,315000,1200,3245.675,70,341803,11360,0,4,8274
"372",109,1964,"yes",639.62,28,"co-op",17106,"combo","no","gas","NA","combo",667,1,25,1,3,151.45,48.46,265000,783.466666666667,3190.60666666667,97,325553.333333333,11375,1,20,8274
"373",109,1986,"no",590,25,"condo",17178,"combo","no","gas","yes","eat in",1212.135,3,2,2,7,105.632647058824,44.29,576000,1633,3000,64,665276.666666667,11356,0,7,8274
"374",109,1947,"yes",809.5,28,"co-op",17156,"formal","yes","gas","NA","efficiency",1366,2,2,1,5,75,48.82,223000,1006.01,3187.4,85,243664,11415,0,18,8274
"375",109,1947,"no",472.61,28,"co-op",17210,"formal","no","gas","NA","combo",680,1,6.175,1,5,129.1,35.69,232500,1000,1503.21,94,306571.111111111,11374,1,20,8274
"376",109,1951,"yes",448.770666666667,25,"co-op",17135,"combo","no","oil","NA","efficiency",714,1,6,1,3,64.2,37.5333333333333,178000,756.76,1806.49,85,225101.111111111,11354,1,16,8274
"377",109,1942,"no",869.91,28,"co-op",17108,"formal","no","oil","NA","eat in",1059,2,6,1,5,131.72,49.31,479000,1061.58,3467.04,98,534810,11375,1,20,8274
"378",109,1958,"no",417.02,30,"co-op",17212,"other","no","other","NA","eat in",659,2,7,1,4,135.79,38.56,310000,873.5,1967.095,96,358960,11372,0,20,8274
"379",109,1987,"no",635,25,"condo",17136,"other","no","gas","NA","efficiency",929.355,2,20,2,5,129.603888888889,45.03,625000,1000,3936,93,706626.666666667,11355,2,20,8274
"380",109,2008,"no",480,25,"condo",17112,"combo","no","gas","NA","combo",562.035,2,5.36,1,4,131.28,34.16,555000,900,1152,92,628656.666666667,11357,0,6,8274
"381",109,2011,"no",560,25,"condo",17165,"combo","no","gas","NA","efficiency",681.3,1,9.17,1,3,167.1,40.2,720000,923.446666666667,150,95,663130,11354,2,19,8274
"382",109,1958,"no",467.97,25,"co-op",17158,"formal","no","gas","NA","efficiency",733,2,2,1,5,20,39.2633333333333,308000,894.863333333333,2530.873,72,325228,11360,0,1,8274
"383",109,2012,"no",300,26,"condo",17183,"combo","no","gas","NA","combo",682.92,2,5,2,5,177.51,31.54,650000,990,100,93,730798,11361,1,8,8274
"384",109,1958,"no",1022.47,25,"co-op",17185,"formal","no","gas","NA","eat in",1700,3,6,2,6,100,47.21,7e+05,2200,5003.289,45,761300,11357,0,4,8274
"385",109,1965,"yes",798.57,28,"co-op",17162,"formal","yes","gas","yes","combo",1448,2,30,2,4,140,47.46,625000,1287.9,4022.58,92,661693.333333333,11375,1,20,8274
"386",109,1928,"yes",651.17,25,"co-op",17024,"combo","no","oil","NA","eat in",790,1,4,1,3,63.61,48,175000,769.91,2659.93,59,222230,11357,0,4,8274
"387",109,1986,"yes",397,25,"condo",17059,"formal","yes","gas","yes","eat in",1246.465,3,3,2,6,96.7826470588235,39.19,540000,1289.615,3230,80,594481.666666667,11365,0,15,8274
"388",109,1951,"yes",418.976666666667,25,"co-op",17141,"formal","yes","oil","yes","efficiency",658,1,2,1,4,100,36.8933333333333,2e+05,755.47,1700.85,88,242050,11367,0,13,8274
"389",109,1968,"no",485.484,28,"co-op",17115,"formal","no","gas","yes","eat in",2004,3,15,2,6,145.028888888889,35,767000,1500,3005.51666666667,97,759450,11375,2,20,8274
"390",109,1926,"no",821,25,"condo",17123,"formal","no","oil","NA","eat in",1583.26,3,6,2,6,98.12,44.5885714285714,830000,2000,5359,96,786350,11355,3,20,8274
"391",109,1950,"yes",574.01,28,"co-op",17029,"combo","yes","gas","NA","efficiency",595,1,6,1,3,125,46,235000,743,2350.66333333333,87,244776.111111111,11375,1,20,8274
"392",109,1958,"no",415.72,25,"co-op",17119,"combo","no","gas","NA","eat in",1000,1,6,1,3,67.1666666666667,38.63,252500,839.33,1776.71,40,274470,11357,0,4,8274
"393",109,1951,"yes",706.26,25,"co-op",17199,"combo","no","gas","NA","efficiency",815,2,6,1,3,67.45,49.96,235000,843.13,2935.4,86,268895,11354,2,19,8274
"394",109,1942,"yes",345,30,"condo",17157,"combo","yes","gas","NA","efficiency",777.77,2,6,1,4,146.063333333333,38.83,530000,922,3866,98,576766.666666667,11372,1,20,8274
"395",109,1983,"no",906,25,"condo",17038.22,"combo","no","gas","yes","eat in",1197.61,2,13.35,2,6,77,46.65,604368.88,1250,3972,82,759000,11360,0,3,8274
"396",109,1963,"no",248,25,"condo",17196,"formal","no","oil","NA","efficiency",551.833333333333,1,7,1,3,128.016666666667,37.6133333333333,280000,544,2178,85,335473.333333333,11367,0,14,8274
"397",109,2009,"no",315,24,"condo",17122,"combo","no","gas","NA","eat in",474.91,2,7,2,4,149.84,33.78,480000,741,686,86,531180,11373,0,20,8274
"398",109,1958,"no",429.77,11,"co-op",17191,"combo","no","gas","NA","efficiency",610.476666666667,1,6,1,3,121.1,32.8,180000,699.04,1073.21,96,229351.666666667,11372,0,20,8274
"399",109,1950,"yes",698.76,25,"co-op",17176,"combo","no","oil","NA","eat in",879,2,2,1,4,44.64,50.67,254000,886.98,3102.065,75,297380,11357,0,6,8274
"400",109,1960,"no",1090.66,25,"co-op",17197,"formal","no","gas","NA","eat in",1607,3,6,2,6,26,47.03,360000,1500,3787.35,69,422725,11360,0,5,8274
"401",109,1951,"no",516.056666666667,30,"co-op",17196,"formal","no","oil","NA","eat in",796,2,6,1,5,107.13,40.14,350000,850,2645.84166666667,96,366250,11372,0,20,8274
"402",109,1951,"yes",675.98,30,"co-op",17038,"formal","yes","oil","NA","efficiency",714,1,6,1,3,111.65,49.56,170000,760,2507.8,94,221830,11369,0,20,8274
"403",109,2016,"no",153,25,"condo",17150,"combo","no","gas","NA","eat in",421.098333333333,1,5.15,1,3,159.046666666667,33.58,293000,477,106,86,404510,11355,0,15,8274
"404",109,1955,"no",453.364,25,"co-op",17192,"combo","no","gas","NA","eat in",775,1,5.89,1,3,92.64,38.41,169000,750.24,2028.77,95,241203.333333333,11354,2,20,8274
"405",109,1984,"no",462,26,"condo",17157,"combo","no","none","yes","efficiency",696.69,1,3,1,4,103.796666666667,39.67,510000,897.931666666667,3305,85,531200,11360,0,3,8274
"406",109,1962,"yes",687.679,25,"co-op",17087,"formal","no","gas","NA","combo",2047,2,20,2,5,133,45.16,575000,1650,4278.975,40,688480.833333333,11357,0,4,8274
"407",109,1929,"no",395,30,"condo",17136,"combo","no","oil","NA","efficiency",664.25,1,6,1,3,166.04,36.85,410000,858,2726,99,469945,11372,0,20,8274
"408",109,1953,"no",443.336666666667,20,"co-op",17156,"combo","no","oil","NA","efficiency",748,1,7,1,4,71.52,38.0833333333333,79000,650,1810.748,77,202866.666666667,11368,1,20,8274
"409",109,1939,"no",638.83,28,"co-op",17045,"combo","no","oil","NA","eat in",723,1,6,1,3,152.46,49.975,255960,800,2635.685,94,304163.333333333,11375,1,20,8274
"410",109,1964,"no",682.17,28,"co-op",17162,"combo","no","gas","NA","combo",885,1,16.74,1,3,140.78,49.12,275000,795.75,3274.75166666667,97,364920,11375,1,20,8274
"411",109,1954,"yes",578.44,28,"co-op",17066,"combo","yes","oil","NA","efficiency",412,0,15,1,2,152.25,50,147000,545.05,2366.9,95,229060,11374,0,20,8274
"412",109,2010,"no",158,24,"condo",17210,"combo","no","gas","NA","eat in",461.09,2,4,2,5,237.04,35.15,428000,820,285,96,505520,11368,1,20,8274
"413",109,1958,"no",425.148666666667,30,"co-op",17058,"combo","no","gas","NA","efficiency",650,2,7.74,1,4,164.6,40.95,280000,831.38,2873.41,98,369390,11372,0,20,8274
"414",111,1974,"no",718.418,25.83,"co-op",17017,"combo","no","gas","yes","efficiency",656,1,33,1,3,87,50,289000,630,3526.39333333333,54,320372,11005,0,5,3010
"415",111,1950,"yes",530.45,26,"co-op",16930,"combo","yes","oil","NA","eat in",698,2,2,1,4,54.11,44.18,267000,767.26,2816.35,55,255365,11004,0,5,3010
"416",111,1960,"yes",704.39,26,"co-op",17155,"combo","no","oil","NA","eat in",901,1,6,1,3,57.31,57,203000,800,2802.14,80,254383.333333333,11363,2,9,3010
"417",111,1949,"no",535,26,"condo",16899,"formal","no","gas","NA","eat in",1193.23166666667,1,8.31333333333333,2,6,95.145,40.68,420000,1300.52,4300,48,481151.666666667,11364,0,4,3010
"418",111,1961,"yes",562.52,26,"co-op",16897,"formal","no","gas","NA","eat in",1118,3,1,2,5,95,46.36,390000,1276.19,3199.39,76,364901.666666667,11362,1,9,3010
"419",111,1955,"yes",436.6,26,"co-op",17021,"combo","no","gas","NA","efficiency",739,1,3.09,1,3,74.13,37.67,168000,717.246666666667,1475.098,72,197830,11362,0,7,3010
"420",111,1955,"yes",625.41,26,"co-op",16881,"combo","yes","gas","NA","efficiency",669,1,2,1,4,57.92,49.52,175500,676.6,2453.25,55,191642,11364,0,6,3010
"421",111,1955,"no",764.7,26,"co-op",17169,"formal","no","gas","NA","eat in",801,3,2,1,5,76.85,65,215000,935.973333333333,2410.23,72,243458,11427,1,10,3010
"422",111,1960,"no",748.07,26,"co-op",16870,"combo","no","gas","NA","combo",855,2,6,1,4,100,49.08,380000,900,3528.35,68,336250,11363,2,8,3010
"423",111,1950,"yes",468.97,26,"co-op",16934,"formal","yes","oil","NA","eat in",698,2,2,1,3,64.37,40.53,275000,782.695,2511.75666666667,77,261310,11004,0,4,3010
"424",111,1950,"no",772.68,26,"co-op",16895,"combo","no","oil","NA","eat in",846,3,2,1,5,53.69,50.035,275000,980.9,3040.94,77,278028,11362,0,7,3010
"425",111,1947,"yes",374.85,26,"co-op",17058,"combo","yes","gas","NA","efficiency",497,1,2,1,3,67.8,38.42,189000,643.18,1246.85,74,236140,11004,0,4,3010
"426",111,1950,"no",405.6,26,"co-op",17031,"combo","no","oil","NA","efficiency",497,1,3.58,1,3,69.96,40.51,177677,663.19,2027.8,59,221150,11004,0,6,3010
"427",111,1956,"yes",779.95,23,"co-op",16944,"formal","yes","gas","NA","combo",1023,2,6,2,5,63.974126984127,50,350000,1300,3643.57785714286,59,342716.666666667,11364,0,5,3010
"428",111,1955,"no",640.15,26,"co-op",16906,"combo","no","gas","NA","combo",641,2,2,1,4,33.368,50,162000,671.67,1977.4,69,171652,11427,0,7,3010
"429",111,1955,"yes",879.49,26,"co-op",17172,"formal","no","gas","NA","efficiency",957,3,6.07,1,6,60.265,50.19,310000,1075.17,3285.745,67,334189,11362,0,7,3010
"430",111,1975,"no",1120.28,26,"co-op",17100,"formal","no","oil","NA","eat in",2250,2,34,2,5,88,50,730000,1500,5110.29,54,808732.5,11005,0,5,3010
"431",111,1964,"no",852.63375,26,"co-op",17172,"other","no","oil","NA","efficiency",865,2,12.3916666666667,1,5,106.49,50,390000,1054.13,5700,68,449470,11363,2,8,3010
"432",111,1955,"no",644.41,26,"co-op",17000,"combo","no","gas","NA","combo",644,2,2,1,4,33.418,50,155000,679.2,1882.13,71,181197,11427,1,9,3010
"433",111,1950,"no",636.61,26,"co-op",17014,"other","no","gas","NA","combo",644,2,2,1,4,56.19,48.55,155000,571,1765.42,66,182015,11427,0,6,3010
"434",111,1961,"yes",519.81,26,"co-op",16909,"combo","no","gas","NA","efficiency",642,1,6,1,3,115,43.84,160000,659.57,2299.548,76,171360,11362,1,9,3010
"435",111,1950,"no",463.356666666667,26,"co-op",17155,"combo","no","gas","NA","eat in",676,1,2,1,3,72.52,33.2033333333333,159000,703.026666666667,1044.82,55,202600,11426,0,6,3010
"436",111,1955,"yes",661.27,26,"co-op",17100,"formal","no","gas","NA","combo",644,2,2,1,4,45.55,50,155000,718.16,2112.45,72,204818,11427,1,8,3010
"437",111,1948,"no",476.948,26,"co-op",17095,"combo","no","gas","NA","combo",630,2,2,1,5,72.84,40.36,240000,800,2394.42,86,288453.333333333,11004,0,5,3010
"438",111,1953,"yes",413.61,26,"co-op",17149,"formal","no","oil","NA","eat in",996,2,2,1,5,64.95,35,280000,985.23,1615.43,67,286198,11362,0,6,3010
"439",111,1950,"yes",421.176666666667,26,"co-op",17192,"combo","no","gas","NA","efficiency",687,1,2.97,1,3,79.42,32.8433333333333,186000,693.953333333333,1047.5,77,212760,11362,0,7,3010
"440",111,1950,"yes",448.256666666667,26,"co-op",17044,"combo","yes","oil","NA","efficiency",679,1,3.83,1,3,64.27,39.31,172000,713.905,1541.97,47,205030,11426,0,6,3010
"441",111,1975,"no",957.5,26,"co-op",17079,"formal","no","electric","yes","efficiency",1381,1,33,1,4,87,50,490000,1010,4376.48,54,549785,11005,0,5,3010
"442",111,1995,"no",372.49,26,"condo",17108,"combo","no","gas","NA","efficiency",344,2,3,2,5,137.85,37.8466666666667,588000,1137,2780,15,636103.333333333,11362,0,6,3010
"443",111,1955,"no",635.96,26,"co-op",16976,"combo","no","gas","NA","efficiency",670,1,2,1,3,56.54,50,186500,718.49,2383.35,55,199963.666666667,11364,0,6,3010
"444",111,1941,"yes",448.59,26,"co-op",17079,"combo","yes","oil","yes","eat in",1149,2,2,1,5,73.7,42,269000,965.36,2822.58,79,305100,11363,2,8,3010
"445",111,1949,"yes",480.896666666667,26,"co-op",16849,"combo","yes","gas","NA","eat in",660,2,2,1,4,61.31,39,241700,675,1551.15,71,214055,11426,0,5,3010
"446",111,1950,"yes",470.95,26,"co-op",17022,"other","yes","gas","NA","eat in",765,2,2,1,5,80.27,39,330000,885.79,1872.53,86,317610,11004,0,4,3010
"447",111,1975,"no",784.016666666667,26,"co-op",16953,"combo","no","oil","yes","efficiency",964,1,34,1,3,88,50,375000,800,3654.53833333333,54,327680,11005,0,5,3010
"448",111,1950,"yes",456.24,26,"co-op",16890,"combo","yes","oil","NA","combo",684,1,2,1,4,61.76,41.25,135000,590,2282.15,58,173150,11004,0,6,3010
"449",111,1950,"yes",439.44,26,"co-op",16980,"combo","yes","gas","NA","eat in",789,3,2,1,5,58.17,39,301000,856,1816.66,58,291123,11004,0,6,3010
"450",111,1961,"yes",349.886666666667,26,"co-op",17140,"combo","no","gas","NA","efficiency",571,0,6,1,3,95,35.9533333333333,134000,606.44,1301.83,76,193820,11362,1,9,3010
"451",111,1964,"yes",721.05,26,"co-op",17176,"combo","no","oil","NA","efficiency",986,2,6,1,4,62.37,57,250000,928.14,3348.11,80,315424,11362,2,9,3010
"452",111,1951,"no",644,26,"co-op",17017,"combo","no","gas","NA","efficiency",693.08,2,2,1,4,50.4933333333333,47.54,155000,727.443333333333,1713.01,73,192070,11427,1,10,3010
"453",111,1971,"yes",319,26,"condo",16968,"combo","yes","gas","yes","eat in",1373.14166666667,3,3,1,6,117.13,38.855,660000,1362.42,4200,68,662360,11362,0,6,3010
"454",111,1950,"yes",783.86,26,"co-op",17025,"formal","no","oil","NA","efficiency",994,2,2,1,5,54.93,50.54,265000,996.54,3364.3,77,291335,11362,0,7,3010
"455",111,1955,"no",564.21,26,"co-op",16867,"combo","no","gas","NA","efficiency",512,1,2,1,3,61.8658333333333,49.41,130000,597.24,2044.63,57,148650,11427,0,6,3010
"456",111,1961,"yes",351.676666666667,26,"co-op",17204,"combo","no","gas","NA","efficiency",560,1,6,1,2,95,32.4933333333333,132500,647.885,1052.5,76,202766.666666667,11362,1,9,3010
"457",111,1951,"yes",766.04,26,"co-op",16931,"combo","no","oil","NA","efficiency",1015,3,2,1,5,50.89,51.005,225000,982.12,3132.065,72,247738,11363,0,7,3010
"458",111,1960,"no",426,26,"condo",17092,"combo","no","gas","NA","efficiency",795.36,1,3,1,5,92.14,39.05,438000,953.32,2800,23,465160,11362,0,4,3010
"459",111,1950,"yes",429.58,26,"co-op",17042,"combo","no","oil","NA","efficiency",664,1,2,1,3,75.67,36.56,189000,682.676666666667,1202.99,68,212990,11362,0,7,3010
"460",111,1953,"yes",438.596666666667,26,"co-op",17200,"combo","no","oil","NA","efficiency",776,1,2,1,3,69.94,35,193000,740.176666666667,1125.65,76,222987.333333333,11362,1,7,3010
"461",111,1953,"yes",409.5,26,"co-op",17064,"combo","no","oil","NA","efficiency",651,1,2,1,3,80.05,35.73,158000,668.181666666667,1172.78,74,204360,11362,0,7,3010
"462",111,1975,"no",1048.46,26,"co-op",17024,"formal","no","oil","yes","eat in",2292,3,34,2,7,168,50,820000,1950,4630.83,54,839820,11005,0,5,3010
"463",111,1950,"yes",588.54,26,"co-op",16938,"other","yes","gas","NA","eat in",765,3,2,1,5,54.89,48.475,298000,812,2796.24666666667,77,286230,11004,0,4,3010
"464",111,1950,"yes",724.63,26,"co-op",17113,"combo","no","gas","NA","efficiency",849,2,2,1,5,61.36,50.41,270000,940.945,3010.785,76,295974,11362,0,7,3010
"465",111,1961,"no",436.056666666667,26,"co-op",17087,"combo","no","gas","NA","efficiency",695,1,6,1,3,86.08,40.42,155000,736.253333333333,2147.958,76,201900,11362,1,9,3010
"466",111,1953,"yes",440.046666666667,26,"co-op",17023,"combo","no","oil","NA","efficiency",722,1,2,1,3,73.51,35,181500,720.866666666667,1093.13,78,202700,11362,0,6,3010
"467",111,1951,"no",700,26,"co-op",17014,"formal","no","gas","NA","combo",846.416666666667,2,2,1,5,44.21,50.06,207000,905.113333333333,2313.41,66,228990,11427,0,7,3010
"468",111,1961,"no",426.336666666667,26,"co-op",17134,"formal","no","oil","NA","efficiency",707,1,7,1,3,86.45,40.7133333333333,2e+05,750,2157.808,79,240665.111111111,11363,2,9,3010
"469",111,1971,"no",324,26,"condo",17123,"combo","no","gas","yes","eat in",1506.395,3,3,2,6,124.75,38.81,687000,1581.34,4200,65,742270,11362,0,6,3010
"470",111,1953,"no",658.01,26,"co-op",17123,"combo","no","gas","yes","efficiency",1037,2,6,2,6,72.68,48.1,321500,1100,3061.375,59,364564,11364,0,6,3010
"471",111,1961,"yes",403.036666666667,26,"co-op",17162,"combo","no","gas","NA","efficiency",666,1,6,1,4,89.9,35.2733333333333,148000,704.04,1191.79,76,200890,11362,1,9,3010
"472",111,1950,"yes",425.465,26,"co-op",17179,"combo","no","gas","NA","eat in",673,1,2,1,3,77.78,32.4433333333333,157000,666.943333333333,1082.97,82,202420,11362,0,7,3010
"473",111,1961,"yes",394.086666666667,26,"co-op",17127,"combo","no","gas","NA","efficiency",642,1,6,1,4,95,38.1833333333333,168000,724.02,1888.538,76,218810,11362,1,9,3010
"474",111,1950,"yes",700.24,26,"co-op",17106,"combo","no","oil","NA","eat in",810,2,2,1,4,59.35,49.97,248500,859.87,2751.08,77,284010,11362,0,7,3010
"475",111,1961,"yes",707.76,26,"co-op",16857,"combo","no","gas","NA","eat in",829,2,1,1,4,53.53,50.46,220000,889.32,2960.45,78,234523,11362,1,9,3010
"476",111,1952,"yes",452.18,26,"co-op",16953,"combo","no","gas","NA","efficiency",687,1,2,1,4,62.96,38.67,176000,654.92,1506.6,68,185640,11362,0,7,3010
"477",111,1955,"no",625.06,26,"co-op",16885,"combo","no","oil","NA","efficiency",664,1,2,1,3,49.6333333333333,50,155000,677.885,2224.198,82,168528.666666667,11362,0,7,3010
"478",111,1961,"yes",405.526666666667,26,"co-op",17143,"combo","no","gas","NA","efficiency",676,1,6,1,3,95,32.9633333333333,163000,693.2,1044.64,76,205860,11362,1,9,3010
"479",111,1952,"yes",681.34,26,"co-op",17185,"formal","no","gas","NA","eat in",989,2,3.6,1,5,56.15,50.46,293800,991.93,2824.63,77,320578,11362,0,7,3010
"480",111,1950,"yes",639.62,26,"co-op",16967,"combo","yes","gas","yes","efficiency",655,1,2,1,3,57.13,49.96,155000,650.75,2379.51,60,181062,11364,0,6,3010
"481",111,1975,"no",1031.12,26,"co-op",17178,"formal","no","gas","yes","eat in",4659,3,33,3,6,145,50,999999,2489,4780.01,54,857890,11005,0,5,3010
"482",112,2005,"no",531,24,"condo",17156,"combo","no","gas","NA","efficiency",686.65,2,5,2,4,88.52,35.6,512000,943,893.13,70,537870,11385,0,17,3139
"483",112,1987,"no",405,24,"condo",16968,"combo","yes","gas","NA","efficiency",716.82,3,3,2,6,102.89,39.44,460000,1033,3500,84,483056.666666667,11379,0,15,3139
"484",112,2005,"yes",457,24,"condo",17072,"combo","yes","gas","NA","eat in",594.99,2,5,2,3,110.6,34.84,440000,900,625,70,513730,11385,0,17,3139
"485",112,2007,"no",333,24,"condo",16911,"combo","no","gas","yes","eat in",490.13,2,3,2,4,195.99,35.32,476000,863,699,92,501346.666666667,11385,0,20,3139
"486",113,1945,"no",496.21,29,"co-op",16890,"combo","no","oil","NA","efficiency",720,2,2,1,4,64.62,38.6,124000,702,1619.61,73,170180,11413,1,10,8046
"487",113,1950,"no",487.09,29,"co-op",17007,"combo","no","gas","NA","eat in",685.665,1,3.44,1,4,69,35.51,103500,683.286666666667,1136.51,82,171730,11422,2,8,8046
"488",115,2007,"no",218,30,"condo",17189,"formal","no","other","NA","combo",773.463333333333,1,7.37,1,3,249.34,25,480000,2338,25,95,640651.666666667,11101,0,20,7979
"489",115,1951,"no",388.346666666667,24,"co-op",17067,"combo","no","oil","NA","eat in",465,0,6,1,2,148.162,42.34,175000,548.71,2116.08,96,223750,11377,1,20,7979
"490",115,1963,"yes",465.21,24,"co-op",16918,"combo","yes","oil","yes","efficiency",458,1,5,1,2,245,47.9,173000,605.18,2456.35,91,201970,11377,1,20,7979
"491",115,1951,"yes",678.45,30,"co-op",17009,"other","yes","other","yes","combo",647,1,6,1,3,133,50,280000,805.1,2861.07,96,322490,11372,1,20,7979
"492",115,1989,"yes",327,30,"condo",17186,"combo","yes","electric","NA","efficiency",571.51,0,23,1,2,159.233333333333,34.8333333333333,385000,683.356666666667,1042,81,426110,11102,0,20,7979
"493",115,1948,"no",308,29,"condo",17066,"combo","no","oil","NA","eat in",560.72,1,6,1,3,222.27,33.54,415500,743,234,98,466457.5,11104,1,20,7979
"494",115,1960,"no",721.27,24,"co-op",16996,"combo","no","gas","NA","efficiency",722,2,6,1,4,55.0966666666667,50.16,247000,889.61,3110.21,81,261175,11378,1,19,7979
"495",115,2001,"no",503,24,"condo",17072,"combo","no","gas","NA","efficiency",670.3,2,3,2,5,96,37.37,450000,957.12,1421,82,500230,11379,0,19,7979
"496",115,1958,"yes",818.08,30,"co-op",16952,"other","yes","gas","NA","efficiency",869,3,9.71,1,5,500,60.155,505000,1035,2980.825,93,477566.666666667,11106,0,20,7979
"497",115,1978,"no",210,24,"condo",17030,"combo","no","gas","NA","efficiency",456.053333333333,1,3,1,3,136.86,40.84,298000,657,2037,84,343916.666666667,11379,0,20,7979
"498",115,2016,"yes",438,30,"condo",17184,"combo","yes","gas","NA","combo",731.68,1,8.78,1,4,244.94,33.91,775000,980.05,28,96,710685,11102,0,20,7979
"499",115,1926,"yes",414.84,30,"co-op",17003,"combo","no","oil","NA","eat in",768,1,1,1,3,187.56,40,325000,736.145,1608.267,97,311930,11106,0,20,7979
"500",115,1961,"no",648,4,"co-op",17015,"other","no","none","NA","eat in",704.73,1,6,1,3,148.475,49.645,225000,776.7,2440.89,93,264683.333333333,11104,0,17,7979
"501",115,1935,"no",579.37,30,"co-op",16946,"combo","no","gas","NA","eat in",523,1,6,1,3,147.156666666667,48.87,278000,700,2701.32333333333,90,264940,11377,1,20,7979
"502",115,2008,"no",359,30,"condo",17088,"combo","no","gas","NA","combo",492.1325,2,6,2,6,176.77,33.01,568000,700,663,96,600850,11377,1,20,7979
"503",115,2008,"no",271,30,"condo",17088,"combo","no","gas","NA","combo",543.7625,2,5,2,4,163.72,38.17,545000,898,2148,92,585050,11377,1,20,7979
"504",115,1921,"yes",504.37,30,"co-op",17125,"formal","no","oil","NA","efficiency",689,2,5.93,1,5,155.85,31.58,575000,984.633333333333,1613.83166666667,99,590170,11372,1,20,7979
"505",115,1989,"yes",534,30,"condo",17179,"combo","yes","electric","yes","efficiency",893.365,2,23,2,6,163.494954751131,40.69,650000,886,2580,81,696120,11102,0,20,7979
"506",115,1937,"yes",575.49,30,"co-op",16972,"combo","no","oil","NA","efficiency",397,0,6,1,2,132.16,48.9455555555556,182000,534.6,2030.46,98,202471.111111111,11372,1,20,7979
"507",115,1922,"yes",482.023214285714,30,"co-op",17189,"formal","yes","gas","NA","efficiency",885,3,4,2,6,156.09,25,692000,1300,1971,97,715850,11372,1,20,7979
"508",115,1940,"yes",695.72,30,"co-op",17143,"other","yes","other","NA","combo",821,1,6,1,3,150.91,50,430000,918,3043.03666666667,97,499330,11372,1,20,7979
"509",115,1926,"yes",430.48,30,"co-op",16952,"combo","no","oil","NA","efficiency",757,1,4,1,3,193.43,40,310000,706.855,1769.32,97,299660,11106,0,20,7979
"510",115,1935,"yes",537.09,11,"co-op",16994,"formal","no","gas","NA","combo",523,1,6,1,4,165.206666666667,46.03,281000,766.78,2466.23,93,307610,11377,1,20,7979
"511",115,1936,"no",583.33,30,"co-op",16910,"combo","no","oil","NA","eat in",452,0,6.63,1,2,107.775,49.5055555555556,175000,529.94,2184.06,85,177281.111111111,11377,1,20,7979
"512",115,2005,"no",335.862647058823,30,"condo",16853,"other","no","gas","NA","eat in",443.58,1,4,1,3,234.1,38.88,535000,681,1320,98,590120,11102,0,20,7979
"513",115,1984,"yes",385,24,"condo",16867,"other","no","gas","NA","eat in",672.8,2,3,1,5,113.03,40.19,527000,1000,3186,68,521370,11379,0,20,7979
"514",115,1940,"yes",805.88,30,"co-op",17150,"other","yes","other","NA","combo",1088,2,6,1,4,144.31,50,572500,980,3323.84166666667,97,583210,11372,1,20,7979
"515",115,1949,"yes",496,11,"condo",17123,"combo","yes","oil","NA","efficiency",671.875,2,1,1,4,118.96,38.0033333333333,445000,821,2475,81,494785,11370,0,20,7979
"516",115,1921,"no",479.73,30,"co-op",17017,"combo","no","gas","NA","combo",789,2,5,1,5,196.04,39.83,290000,844.64,2251.347,96,363770,11105,0,20,7979
"517",115,1927,"no",353,30,"condo",17123,"combo","no","oil","NA","eat in",526.16,1,6,1,3,175.12,31.52,445000,712,231,96,479412.5,11377,1,20,7979
"518",115,2015,"yes",220,28,"condo",17136,"combo","yes","gas","NA","eat in",1029.84833333333,3,3,2,7,146.24,32.06,905000,1400,360,85,742510,11105,0,20,7979
"519",115,2007,"no",230,24,"condo",17091,"other","no","gas","NA","efficiency",445.818333333333,1,5.71,1,4,133.54,38.64,380000,739.15,1500,77,397930,11379,0,20,7979
"520",115,1953.175,"yes",423.37,30,"co-op",17070,"combo","yes","gas","NA","eat in",494,0,6.17,1,3,101.66,42.49,210000,620.74,2259.33333333333,96,238626.666666667,11372,1,20,7979
"521",115,1942,"no",470,30,"condo",17183,"combo","no","gas","NA","eat in",592.886666666667,1,5.3,1,3,111.05,36.6333333333333,425000,679,1783,70,432705,11370,0,18,7979
"522",115,1922,"yes",481.879880952381,30,"co-op",17189,"formal","yes","gas","NA","efficiency",885,3,1,2,6,157.93,25,692000,1300,2051.055,97,707160,11372,1,20,7979
"523",115,1950,"yes",607.12,24,"co-op",16902,"combo","yes","gas","NA","eat in",722,1,5.52,1,3,156.15,50.27,237000,795.39,2710.1,97,250783.333333333,11104,0,19,7979
"524",115,1958,"yes",538.65,30,"co-op",17120,"other","yes","gas","NA","efficiency",709,2,14,1,4,500,49.66,410000,875,2513.31,93,473380,11106,0,20,7979
"525",115,1950,"yes",563.57,30,"co-op",16929,"combo","yes","oil","NA","efficiency",439,0,6.91,1,1,122.78,49.3,150000,400,2316.83,96,171390,11372,1,20,7979
"526",115,1938,"yes",455.16,30,"co-op",17171,"formal","yes","gas","NA","efficiency",679,1,7,1,3,139,20,190000,857.9,1179.13,96,274430,11377,0,19,7979
"527",115,1939,"no",646.633333333333,30,"co-op",16941,"formal","no","gas","NA","efficiency",951,2,6,1,5,125.54,45,399000,950,3006.655,83,375410,11372,1,20,7979
"528",115,2006,"yes",917,30,"condo",16940,"combo","yes","other","NA","efficiency",901.883666666666,2,13.94,1,4,170.762647058824,46.17,665000,883,2665.77,83,637270,11102,0,20,7979
"529",115,2008,"yes",240,30,"condo",17171,"combo","yes","gas","yes","combo",759.535833333333,2,5,2,4,220.57,30.39,740000,831,241,95,724410,11102,0,20,7979
